id,Title,Content,Excerpt,Date,"Post Type",Permalink,"Image URL","Image Filename","Image Path","Image ID","Image Title","Image Caption","Image Description","Image Alt Text","Attachment URL","Attachment Filename","Attachment Path","Attachment ID","Attachment Title","Attachment Caption","Attachment Description","Attachment Alt Text",Tags,"Event Categories","Event Types",_vc_post_settings,slide_template,_wp_page_template,mfn-post-love,_dp_original,_wp_old_slug,Status,Author,Slug,Format,Template,Parent,Order,"Comment Status","Ping Status"
713,"TLG Winter Conference","Please print and email registration to info@leazeragency.com

<a href=""https://agentportal.leazergroup.com/wp-content/uploads/2015/12/TLG-2016-WINTER-CONFERENCE-1.pdf"" target=""_blank"" rel="""">TLG 2016 WINTER CONFERENCE</a>",,20151213,espresso_events,https://agentportal.leazergroup.com/events/sample-event-1-2/,,,,,,,,,https://agentportal.leazergroup.com/wp-content/uploads/2015/12/TLG-2016-WINTER-CONFERENCE-1.pdf,TLG-2016-WINTER-CONFERENCE-1.pdf,/home/content/p3pnexwpnas05_data02/64/2908564/html/wp-content/uploads/2015/12/TLG-2016-WINTER-CONFERENCE-1.pdf,791,"TLG 2016 WINTER CONFERENCE",,,,,Conference,"Single Event","a:1:{s:10:""vc_grid_id"";a:0:{}}",default,default,0,,,publish,3,sample-event-1-2,,default,0,0,closed,closed
1033,"Maryland Boot Camp","<a href=""https://agentportal.leazergroup.com/wp-content/uploads/2016/02/BWI-Marriott.jpg"" rel=""attachment wp-att-1034""><img class=""alignnone size-medium wp-image-1034"" src=""https://agentportal.leazergroup.com/wp-content/uploads/2016/02/BWI-Marriott-300x208.jpg"" alt=""BWI Marriott"" width=""300"" height=""208"" /></a>",,20160209,espresso_events,https://agentportal.leazergroup.com/events/maryland-boot-camp/,https://agentportal.leazergroup.com/wp-content/uploads/2016/02/BWI-Marriott.jpg,BWI-Marriott.jpg,/home/content/p3pnexwpnas05_data02/64/2908564/html/wp-content/uploads/2016/02/BWI-Marriott.jpg,1034,"BWI Marriott",,,,,,,,,,,,,,"Single Event","a:1:{s:10:""vc_grid_id"";a:0:{}}",default,default,0,,,publish,3,maryland-boot-camp,,default,0,0,closed,closed
1038,"Dallas, TX Boot Camp","<a href=""https://agentportal.leazergroup.com/wp-content/uploads/2016/02/DFW-Marriott-South-2.jpg"" rel=""attachment wp-att-1039""><img class=""alignnone size-medium wp-image-1039"" src=""https://agentportal.leazergroup.com/wp-content/uploads/2016/02/DFW-Marriott-South-2-300x208.jpg"" alt=""DFW Marriott South-2"" width=""300"" height=""208"" /></a>",,20160209,espresso_events,https://agentportal.leazergroup.com/events/dallas-tx-boot-camp/,https://agentportal.leazergroup.com/wp-content/uploads/2016/02/DFW-Marriott-South-2.jpg,DFW-Marriott-South-2.jpg,/home/content/p3pnexwpnas05_data02/64/2908564/html/wp-content/uploads/2016/02/DFW-Marriott-South-2.jpg,1039,"DFW Marriott South-2",,,,,,,,,,,,,"Boot Camp","Single Event","a:1:{s:10:""vc_grid_id"";a:0:{}}",default,default,0,,,publish,3,dallas-tx-boot-camp,,default,0,0,closed,closed
1041,"Austin, TX Boot Camp","<a href=""https://agentportal.leazergroup.com/wp-content/uploads/2016/02/Austin-Courtyard-Marriot-South-2.jpg"" rel=""attachment wp-att-1044""><img class=""alignnone size-medium wp-image-1044"" src=""https://agentportal.leazergroup.com/wp-content/uploads/2016/02/Austin-Courtyard-Marriot-South-2-300x207.jpg"" alt=""Austin Courtyard Marriot South-2"" width=""300"" height=""207"" /></a>",,20160209,espresso_events,https://agentportal.leazergroup.com/events/austin-tx-boot-camp/,https://agentportal.leazergroup.com/wp-content/uploads/2016/02/Austin-Courtyard-Marriot-South-2.jpg,Austin-Courtyard-Marriot-South-2.jpg,/home/content/p3pnexwpnas05_data02/64/2908564/html/wp-content/uploads/2016/02/Austin-Courtyard-Marriot-South-2.jpg,1044,"Austin Courtyard Marriot South-2",,,,,,,,,,,,,"Boot Camp","Single Event","a:1:{s:10:""vc_grid_id"";a:0:{}}",default,default,0,,,publish,3,austin-tx-boot-camp,,default,0,0,closed,closed
1050,"Idaho Boot Camp","<a href=""https://agentportal.leazergroup.com/wp-content/uploads/2016/02/hotel-springhill-suites-boise-parkcenter-025.jpg"" rel=""attachment wp-att-1047""><img class=""alignnone size-medium wp-image-1047"" src=""https://agentportal.leazergroup.com/wp-content/uploads/2016/02/hotel-springhill-suites-boise-parkcenter-025-300x205.jpg"" alt=""hotel-springhill-suites-boise-parkcenter-025"" width=""300"" height=""205"" /></a>",,20160210,espresso_events,https://agentportal.leazergroup.com/events/idaho-boot-camp/,,,,,,,,,,,,,,,,,,"Boot Camp","Single Event","a:1:{s:10:""vc_grid_id"";a:0:{}}",default,default,0,,,publish,3,idaho-boot-camp,,default,0,0,closed,closed
1051,"Oregon Boot Camp","<a href=""https://agentportal.leazergroup.com/wp-content/uploads/2016/02/marriott-portland-downtown-waterfront-portland-exterior-3867.jpg"" rel=""attachment wp-att-1049""><img class=""alignnone size-medium wp-image-1049"" src=""https://agentportal.leazergroup.com/wp-content/uploads/2016/02/marriott-portland-downtown-waterfront-portland-exterior-3867-300x225.jpg"" alt=""marriott-portland-downtown-waterfront-portland-exterior-3867"" width=""300"" height=""225"" /></a>",,20160210,espresso_events,https://agentportal.leazergroup.com/events/oregon-boot-camp/,,,,,,,,,,,,,,,,,,"Boot Camp","Single Event","a:1:{s:10:""vc_grid_id"";a:0:{}}",default,default,0,,,publish,3,oregon-boot-camp,,default,0,0,closed,closed
1103,"New York Boot Camp","<b>Hosted by: National Agency Manager: Aaron Guetterman and Agency Leader: Lateef Duncan</b>

<a href=""https://agentportal.leazergroup.com/wp-content/uploads/2016/02/Buffalo-NY-Airport-Courtyard-Marriott.jpg"" rel=""attachment wp-att-1102""><img class=""alignnone size-medium wp-image-1102"" src=""https://agentportal.leazergroup.com/wp-content/uploads/2016/02/Buffalo-NY-Airport-Courtyard-Marriott-300x268.jpg"" alt=""Buffalo-NY Airport-Courtyard-Marriott"" width=""300"" height=""268"" /></a>",,20160218,espresso_events,https://agentportal.leazergroup.com/events/new-york-boot-camp/,,,,,,,,,,,,,,,,,,"Boot Camp","Single Event","a:1:{s:10:""vc_grid_id"";a:0:{}}",default,default,0,,,publish,3,new-york-boot-camp,,default,0,0,closed,closed
1118,"Tennessee Bootcamp","<h4><b>Host: TLG Founder and CEO, Art Leazer, and TLG Director of Operations, Kimberly Narretto</b></h4>
<h4><strong><span style=""color: #ff0000;"">Registration deadline <span class=""aBn"" tabindex=""0"" data-term=""goog_797973338""><span class=""aQJ"">Wednesday 3/11/16</span></span></span></strong></h4>
<a href=""https://agentportal.leazergroup.com/wp-content/uploads/2016/02/Nashiville-Marriott-1.jpg"" rel=""attachment wp-att-1119""><img class=""alignnone size-full wp-image-1119"" src=""https://agentportal.leazergroup.com/wp-content/uploads/2016/02/Nashiville-Marriott-1.jpg"" alt=""Nashiville Marriott 1"" width=""173"" height=""166"" /></a> <a href=""https://agentportal.leazergroup.com/wp-content/uploads/2016/02/Nashville-Marriott-2.jpg"" rel=""attachment wp-att-1120""><img class=""alignnone size-medium wp-image-1120"" src=""https://agentportal.leazergroup.com/wp-content/uploads/2016/02/Nashville-Marriott-2.jpg"" alt=""Nashville Marriott 2"" width=""184"" height=""163"" /></a>",,20160223,espresso_events,https://agentportal.leazergroup.com/events/tennessee-bootcamp/,https://agentportal.leazergroup.com/wp-content/uploads/2016/02/Nashville-Marriott-2.jpg|https://agentportal.leazergroup.com/wp-content/uploads/2016/02/Nashiville-Marriott-1.jpg,Nashville-Marriott-2.jpg|Nashiville-Marriott-1.jpg,/home/content/p3pnexwpnas05_data02/64/2908564/html/wp-content/uploads/2016/02/Nashville-Marriott-2.jpg|/home/content/p3pnexwpnas05_data02/64/2908564/html/wp-content/uploads/2016/02/Nashiville-Marriott-1.jpg,1120|1119,"Nashville Marriott 2|Nashiville Marriott 1",,,,,,,,,,,,,"Boot Camp","Single Event","a:1:{s:10:""vc_grid_id"";a:0:{}}",default,default,0,,,publish,3,tennessee-bootcamp,,default,0,0,closed,closed
1193,"Missouri Bootcamp","<h4><b>Host: National Agency Manager, Aaron Guetterman and Agency Manager, Brett Hickman </b></h4>
<h4><strong><span style=""color: #ff0000;"">Registration deadline Friday<span class=""aBn"" tabindex=""0"" data-term=""goog_797973338""><span class=""aQJ""> 4/1/16</span></span></span></strong></h4>
<a href=""https://agentportal.leazergroup.com/wp-content/uploads/2016/03/Kansas-City-Airport-Marriott-Courtyard.jpg"" rel=""attachment wp-att-1194""><img class=""alignnone size-full wp-image-1194"" src=""https://agentportal.leazergroup.com/wp-content/uploads/2016/03/Kansas-City-Airport-Marriott-Courtyard.jpg"" alt=""Kansas City Airport Marriott Courtyard"" width=""187"" height=""248"" /></a>

&nbsp;",,20160303,espresso_events,https://agentportal.leazergroup.com/events/missouri-bootcamp/,https://agentportal.leazergroup.com/wp-content/uploads/2016/03/Kansas-City-Airport-Marriott-Courtyard.jpg,Kansas-City-Airport-Marriott-Courtyard.jpg,/home/content/p3pnexwpnas05_data02/64/2908564/html/wp-content/uploads/2016/03/Kansas-City-Airport-Marriott-Courtyard.jpg,1194,"Kansas City Airport Marriott Courtyard",,,,,,,,,,,,,"Boot Camp","Single Event","a:1:{s:10:""vc_grid_id"";a:0:{}}",default,default,0,,,publish,3,missouri-bootcamp,,default,0,0,closed,closed
1219,"Philadelphia PA Bootcamp","<h3><em><strong>Host: Agency Manager-Brett Grossman</strong></em></h3>
<h4><span style=""color: #ff0000;"">Registration Deadline 3/18/2016</span></h4>
<a href=""https://agentportal.leazergroup.com/wp-content/uploads/2016/03/PA-Crown-Plaze.jpg"" rel=""attachment wp-att-1220""><img class=""alignnone size-full wp-image-1220"" src=""https://agentportal.leazergroup.com/wp-content/uploads/2016/03/PA-Crown-Plaze.jpg"" alt=""PA Crown Plaze"" width=""250"" height=""215"" /></a>",,20160310,espresso_events,https://agentportal.leazergroup.com/events/philadelphia-pa-bootcamp/,https://agentportal.leazergroup.com/wp-content/uploads/2016/03/PA-Crown-Plaze.jpg,PA-Crown-Plaze.jpg,/home/content/p3pnexwpnas05_data02/64/2908564/html/wp-content/uploads/2016/03/PA-Crown-Plaze.jpg,1220,"PA Crown Plaze",,,,,,,,,,,,,"Boot Camp","Single Event","a:1:{s:10:""vc_grid_id"";a:0:{}}",default,default,0,,,publish,3,philadelphia-pa-bootcamp,,default,0,0,closed,closed
1257,"TLG Spring Conference 2016",,,20160325,espresso_events,https://agentportal.leazergroup.com/events/tlg-spring-conference-2016/,https://agentportal.leazergroup.com/wp-content/uploads/2016/03/spc2016-mainpic.jpg|https://agentportal.leazergroup.com/wp-content/uploads/2016/03/spc2016-Marroitt-conf-room.jpg|https://agentportal.leazergroup.com/wp-content/uploads/2016/03/ski-veiw-Crabtree-marriott.jpg|https://agentportal.leazergroup.com/wp-content/uploads/2016/03/Crabtree-Marriott-rooms.jpg|https://agentportal.leazergroup.com/wp-content/uploads/2016/03/CrabTree-Marriot-Lobby.jpg|https://agentportal.leazergroup.com/wp-content/uploads/2016/03/raleigh-spring-skyline-dan-nelson-Mod.jpg,spc2016-mainpic.jpg|spc2016-Marroitt-conf-room.jpg|ski-veiw-Crabtree-marriott.jpg|Crabtree-Marriott-rooms.jpg|CrabTree-Marriot-Lobby.jpg|raleigh-spring-skyline-dan-nelson-Mod.jpg,/home/content/p3pnexwpnas05_data02/64/2908564/html/wp-content/uploads/2016/03/spc2016-mainpic.jpg|/home/content/p3pnexwpnas05_data02/64/2908564/html/wp-content/uploads/2016/03/spc2016-Marroitt-conf-room.jpg|/home/content/p3pnexwpnas05_data02/64/2908564/html/wp-content/uploads/2016/03/ski-veiw-Crabtree-marriott.jpg|/home/content/p3pnexwpnas05_data02/64/2908564/html/wp-content/uploads/2016/03/Crabtree-Marriott-rooms.jpg|/home/content/p3pnexwpnas05_data02/64/2908564/html/wp-content/uploads/2016/03/CrabTree-Marriot-Lobby.jpg|/home/content/p3pnexwpnas05_data02/64/2908564/html/wp-content/uploads/2016/03/raleigh-spring-skyline-dan-nelson-Mod.jpg,1292|1296|1295|1294|1293|1290,spc2016-mainpic|spc2016-Marroitt-conf-room|ski-veiw-Crabtree-marriott|Crabtree-Marriott-rooms|CrabTree-Marriot-Lobby|raleigh-spring-skyline-dan-nelson-Mod,,,,https://agentportal.leazergroup.com/wp-content/uploads/2016/03/SPC2016-pd-1.pdf,SPC2016-pd-1.pdf,/home/content/p3pnexwpnas05_data02/64/2908564/html/wp-content/uploads/2016/03/SPC2016-pd-1.pdf,1291,"SPC2016-pd (1)",,,,,Conference,"Single Event","a:1:{s:10:""vc_grid_id"";a:0:{}}",default,default,0,,,publish,3,tlg-spring-conference-2016,,default,0,0,closed,closed
1348,"Chicago IL Boot Camp","<h4><b>Host: TLG Founder and CEO, Art Leazer, and TLG Director of Operations, Kimberly Narretto and Agency Manger Nic Horner.</b></h4>
<a style=""line-height: 1.5;"" href=""https://agentportal.leazergroup.com/wp-content/uploads/2016/03/Chicago-Marriott-Ohare.jpg"" rel=""attachment wp-att-1349""><img class=""alignnone size-full wp-image-1349"" src=""https://agentportal.leazergroup.com/wp-content/uploads/2016/03/Chicago-Marriott-Ohare.jpg"" alt=""Chicago Marriott Ohare"" width=""295"" height=""171"" /></a>",,20160328,espresso_events,https://agentportal.leazergroup.com/events/chicago-il-boot-camp/,https://agentportal.leazergroup.com/wp-content/uploads/2016/03/Chicago-Marriott-Ohare.jpg,Chicago-Marriott-Ohare.jpg,/home/content/p3pnexwpnas05_data02/64/2908564/html/wp-content/uploads/2016/03/Chicago-Marriott-Ohare.jpg,1349,"Chicago Marriott Ohare",,,,,,,,,,,,,"Boot Camp","Single Event","a:1:{s:10:""vc_grid_id"";a:0:{}}",default,default,0,,,publish,3,chicago-il-boot-camp,,default,0,0,closed,closed
1351,"Alabama Boot Camp","<h4>Host: TLG’s Development Agency Manager John Guetterman &amp; Agency Manager: Brett Grossman</h4>
<a href=""https://agentportal.leazergroup.com/wp-content/uploads/2016/03/Courtyard-Birmingham-AL.jpg"" rel=""attachment wp-att-1352""><img class=""alignnone size-full wp-image-1352"" src=""https://agentportal.leazergroup.com/wp-content/uploads/2016/03/Courtyard-Birmingham-AL.jpg"" alt=""Courtyard Birmingham AL"" width=""307"" height=""164"" /></a>",,20160329,espresso_events,https://agentportal.leazergroup.com/events/alabama-boot-camp/,https://agentportal.leazergroup.com/wp-content/uploads/2016/03/Courtyard-Birmingham-AL.jpg,Courtyard-Birmingham-AL.jpg,/home/content/p3pnexwpnas05_data02/64/2908564/html/wp-content/uploads/2016/03/Courtyard-Birmingham-AL.jpg,1352,"Courtyard Birmingham AL",,,,,,,,,,,,,"Boot Camp","Single Event","a:1:{s:10:""vc_grid_id"";a:0:{}}",default,default,0,,,publish,3,alabama-boot-camp,,default,0,0,closed,closed
1355,"Florida Boot Camp","<h4>Host:Art Leazer (CEO/Founder), Tom Brown (Agency Manager) &amp; Nick Horner (Agency Manager)</h4>
<a href=""https://agentportal.leazergroup.com/wp-content/uploads/2016/03/Courtyard-Orlando-Soulth.jpg"" rel=""attachment wp-att-1356""><img class=""alignnone size-full wp-image-1356"" src=""https://agentportal.leazergroup.com/wp-content/uploads/2016/03/Courtyard-Orlando-Soulth.jpg"" alt=""Courtyard Orlando Soulth"" width=""270"" height=""187"" /></a>",,20160329,espresso_events,https://agentportal.leazergroup.com/events/florida-boot-camp/,https://agentportal.leazergroup.com/wp-content/uploads/2016/03/Courtyard-Orlando-Soulth.jpg,Courtyard-Orlando-Soulth.jpg,/home/content/p3pnexwpnas05_data02/64/2908564/html/wp-content/uploads/2016/03/Courtyard-Orlando-Soulth.jpg,1356,"Courtyard Orlando Soulth",,,,,,,,,,,,,"Boot Camp","Single Event","a:1:{s:10:""vc_grid_id"";a:0:{}}",default,default,0,,,publish,3,florida-boot-camp,,default,0,0,closed,closed
1378,"Portland, OR and Seattle, WA Bootcamp","<h4>Portland, OR and Seattle, WA bootcamps have been combined into one awesome location.</h4>
<h4>Host: CEO/Founder,Art Leazer &amp; Director of Operations,Kimberly Narretto</h4>
<a href=""https://agentportal.leazergroup.com/wp-content/uploads/2016/04/Portland-DoubleTree.jpg"" rel=""attachment wp-att-1379""><img class=""alignnone size-full wp-image-1379"" src=""https://agentportal.leazergroup.com/wp-content/uploads/2016/04/Portland-DoubleTree.jpg"" alt=""Portland DoubleTree"" width=""300"" height=""168"" /></a>",,20160404,espresso_events,https://agentportal.leazergroup.com/events/portland-or-bootcamp/,https://agentportal.leazergroup.com/wp-content/uploads/2016/04/Renaissance-downtown-Seattle.jpg|https://agentportal.leazergroup.com/wp-content/uploads/2016/04/Portland-DoubleTree.jpg,Renaissance-downtown-Seattle.jpg|Portland-DoubleTree.jpg,/home/content/p3pnexwpnas05_data02/64/2908564/html/wp-content/uploads/2016/04/Renaissance-downtown-Seattle.jpg|/home/content/p3pnexwpnas05_data02/64/2908564/html/wp-content/uploads/2016/04/Portland-DoubleTree.jpg,1380|1379,"Renaissance downtown Seattle|Portland DoubleTree",,,,,,,,,,,,,"Boot Camp","Single Event","a:1:{s:10:""vc_grid_id"";a:0:{}}",default,default,0,,,publish,3,portland-or-bootcamp,,default,0,0,closed,closed
1381,"Seattle, WA Bootcamp","<h4>Host: CEO/Founder,Art Leazer &amp; Director of Operations,Kimberly Narretto</h4>
<a href=""https://agentportal.leazergroup.com/wp-content/uploads/2016/04/Renaissance-downtown-Seattle.jpg"" rel=""attachment wp-att-1380""><img class=""alignnone size-full wp-image-1380"" src=""https://agentportal.leazergroup.com/wp-content/uploads/2016/04/Renaissance-downtown-Seattle.jpg"" alt=""Renaissance downtown Seattle"" width=""270"" height=""187"" /></a>",,20160404,espresso_events,https://agentportal.leazergroup.com/?post_type=espresso_events&p=1381,,,,,,,,,,,,,,,,,,"Boot Camp","Single Event","a:1:{s:10:""vc_grid_id"";a:0:{}}",default,default,0,,,draft,3,seattle-wa-bootcamp,,default,0,0,closed,closed
1509,"New York Boot Camp","<b>Hosted by: National Agency Manager: Aaron Guetterman and Agency Leader: Lateef Duncan</b>

<a href=""https://agentportal.leazergroup.com/wp-content/uploads/2016/02/Buffalo-NY-Airport-Courtyard-Marriott.jpg"" rel=""attachment wp-att-1102""><img class=""alignnone size-medium wp-image-1102"" src=""https://agentportal.leazergroup.com/wp-content/uploads/2016/02/Buffalo-NY-Airport-Courtyard-Marriott-300x268.jpg"" alt=""Buffalo-NY Airport-Courtyard-Marriott"" width=""300"" height=""268"" /></a>",,20160526,espresso_events,https://agentportal.leazergroup.com/events/new-york-boot-camp-2/,,,,,,,,,,,,,,,,,,"Boot Camp","Single Event","a:1:{s:10:""vc_grid_id"";a:0:{}}",default,default,0,1103,,publish,3,new-york-boot-camp-2,,default,0,0,closed,closed
1512,"Baltimore MD Bootcamp","<h3>Host: Agency Manager, Brett Grossman</h3>
<a href=""https://agentportal.leazergroup.com/wp-content/uploads/2016/05/BaltimoreHamptonInn.jpg""><img class=""alignnone size-full wp-image-1511"" src=""https://agentportal.leazergroup.com/wp-content/uploads/2016/05/BaltimoreHamptonInn.jpg"" alt=""BaltimoreHamptonInn"" width=""246"" height=""204"" /></a>",,20160526,espresso_events,https://agentportal.leazergroup.com/events/baltimore-md-bootcamp/,,,,,,,,,,,,,,,,,,"Boot Camp","Single Event","a:1:{s:10:""vc_grid_id"";a:0:{}}",default,default,0,,,publish,3,baltimore-md-bootcamp,,default,0,0,closed,closed
1515,"Raleigh NC Bootcamp 6-3-16","<h3>Host: Founder- Art Leazer &amp; VP Kimberly Narretto</h3>
NO Charge but space is limited to 25

<a href=""https://agentportal.leazergroup.com/wp-content/uploads/2016/05/TLGCorporate.jpg""><img class=""alignnone size-full wp-image-1514"" src=""https://agentportal.leazergroup.com/wp-content/uploads/2016/05/TLGCorporate.jpg"" alt=""TLGCorporate"" width=""212"" height=""187"" /></a>",,20160526,espresso_events,https://agentportal.leazergroup.com/events/raleigh-nc-bootcamp-6-3-16/,,,,,,,,,,,,,,,,,,"Boot Camp","Single Event","a:1:{s:10:""vc_grid_id"";a:0:{}}",default,default,0,,,publish,3,raleigh-nc-bootcamp-6-3-16,,default,0,0,closed,closed
1516,"Raleigh NC Bootcamp 6-17-16","<h3>Host: Founder &amp; CEO- Art Leazer &amp; VP Kimberly Narretto</h3>
NO Charge but space is limited to 25

<a href=""https://agentportal.leazergroup.com/wp-content/uploads/2016/05/raleigh.jpg""><img class=""alignnone wp-image-1565 size-full"" src=""https://agentportal.leazergroup.com/wp-content/uploads/2016/05/raleigh.jpg"" width=""218"" height=""191"" /></a>",,20160526,espresso_events,https://agentportal.leazergroup.com/events/raleigh-nc-bootcamp-6-17-16/,https://agentportal.leazergroup.com/wp-content/uploads/2016/05/raleigh.jpg,raleigh.jpg,/home/content/p3pnexwpnas05_data02/64/2908564/html/wp-content/uploads/2016/05/raleigh.jpg,1565,raleigh,,,,,,,,,,,,,"Boot Camp","Single Event","a:1:{s:10:""vc_grid_id"";a:0:{}}",default,default,0,1515,,publish,3,raleigh-nc-bootcamp-6-17-16,,default,0,0,closed,closed
1544,"Orlando FL Bootcamp","<h3>Host: Agency Manager, Nick Horner</h3>
<a href=""https://agentportal.leazergroup.com/wp-content/uploads/2016/06/Orlando.jpg""><img class=""alignnone wp-image-1559 size-full"" src=""https://agentportal.leazergroup.com/wp-content/uploads/2016/06/Orlando.jpg"" width=""247"" height=""186"" /></a>",,20160610,espresso_events,https://agentportal.leazergroup.com/events/tampa-fl-bootcamp/,https://agentportal.leazergroup.com/wp-content/uploads/2016/06/Orlando.jpg|https://agentportal.leazergroup.com/wp-content/uploads/2016/06/Kansas-MO.jpg|https://agentportal.leazergroup.com/wp-content/uploads/2016/06/tampa.jpg,Orlando.jpg|Kansas-MO.jpg|tampa.jpg,/home/content/p3pnexwpnas05_data02/64/2908564/html/wp-content/uploads/2016/06/Orlando.jpg|/home/content/p3pnexwpnas05_data02/64/2908564/html/wp-content/uploads/2016/06/Kansas-MO.jpg|/home/content/p3pnexwpnas05_data02/64/2908564/html/wp-content/uploads/2016/06/tampa.jpg,1559|1558|1545,"Orlando|Kansas MO|tampa",,,,,,,,,,,,,"Boot Camp","Single Event","a:1:{s:10:""vc_grid_id"";a:0:{}}",default,default,0,,,publish,3,tampa-fl-bootcamp,,default,0,0,closed,closed
1546,"Dallas TX Bootcamp","<h3>Host: Agency Leader, Ellis Mayberry</h3>
<a href=""https://agentportal.leazergroup.com/wp-content/uploads/2016/06/dallas-mariott.jpg""><img class=""alignnone size-full wp-image-1547"" src=""https://agentportal.leazergroup.com/wp-content/uploads/2016/06/dallas-mariott.jpg"" alt=""dallas mariott"" width=""288"" height=""213"" /></a>",,20160610,espresso_events,https://agentportal.leazergroup.com/events/dallas-tx-bootcamp/,https://agentportal.leazergroup.com/wp-content/uploads/2016/06/dallas-mariott.jpg,dallas-mariott.jpg,/home/content/p3pnexwpnas05_data02/64/2908564/html/wp-content/uploads/2016/06/dallas-mariott.jpg,1547,"dallas mariott",,,,,,,,,,,,,"Boot Camp","Single Event","a:1:{s:10:""vc_grid_id"";a:0:{}}",default,default,0,,,publish,3,dallas-tx-bootcamp,,default,0,0,closed,closed
1562,"Kansas City, MO Bootcamp","<h3><b>Host: Agency Leader-Brock Evans</b></h3>
<a href=""https://agentportal.leazergroup.com/wp-content/uploads/2016/06/Kansas-MO-1.jpg""><img class=""alignnone size-full wp-image-1563"" src=""https://agentportal.leazergroup.com/wp-content/uploads/2016/06/Kansas-MO-1.jpg"" alt=""Kansas MO"" width=""347"" height=""296"" /></a>",,20160614,espresso_events,https://agentportal.leazergroup.com/events/kansas-city-mo-bootcamp/,https://agentportal.leazergroup.com/wp-content/uploads/2016/06/Kansas-MO-1.jpg,Kansas-MO-1.jpg,/home/content/p3pnexwpnas05_data02/64/2908564/html/wp-content/uploads/2016/06/Kansas-MO-1.jpg,1563,"Kansas MO",,,,,,,,,,,,,"Boot Camp","Single Event","a:1:{s:10:""vc_grid_id"";a:0:{}}",default,default,0,,,publish,3,kansas-city-mo-bootcamp,,default,0,0,closed,closed
1633,"Nashville TN Bootcamp","<h4>Hosted By: Founder &amp; CEO: Art Leazer &amp; National Agency Manager: Aaron Guetterman</h4>
<a href=""https://agentportal.leazergroup.com/wp-content/uploads/2016/07/Marriott-Nashville-Airport.jpg""><img class=""alignnone size-full wp-image-1634"" src=""https://agentportal.leazergroup.com/wp-content/uploads/2016/07/Marriott-Nashville-Airport.jpg"" alt=""Marriott-Nashville-Airport"" width=""259"" height=""194"" /></a>

&nbsp;",,20160705,espresso_events,https://agentportal.leazergroup.com/events/nashville-tn-bootcamp/,https://agentportal.leazergroup.com/wp-content/uploads/2016/07/Marriott-Nashville-Airport.jpg,Marriott-Nashville-Airport.jpg,/home/content/p3pnexwpnas05_data02/64/2908564/html/wp-content/uploads/2016/07/Marriott-Nashville-Airport.jpg,1634,Marriott-Nashville-Airport,,,,,,,,,,,,,"Boot Camp","Single Event","a:1:{s:10:""vc_grid_id"";a:0:{}}",default,default,0,,,publish,3,nashville-tn-bootcamp,,default,0,0,closed,closed
1635,"Raleigh, NC Bootcamp","<h4 style=""text-align: left;"">Hosted By: Founder &amp; CEO-Art Leazer, VP of Sales &amp; Marketing-Kimberly Narretto,</h4>
<h4 style=""text-align: left;"">National Agency Manager-Aaron Guetterman</h4>
Registration is FREE

TLG Training Room 2<sup>nd</sup> FLR

New TLG agents <strong>ONLY</strong>

MAX capacity 25

<a href=""https://agentportal.leazergroup.com/wp-content/uploads/2016/05/TLGCorporate.jpg""><img class=""alignnone size-full wp-image-1514"" src=""https://agentportal.leazergroup.com/wp-content/uploads/2016/05/TLGCorporate.jpg"" alt=""TLGCorporate"" width=""212"" height=""187"" /></a>",,20160705,espresso_events,https://agentportal.leazergroup.com/events/raleigh-nc-bootcamp/,,,,,,,,,,,,,,,,,,"Boot Camp","Single Event","a:1:{s:10:""vc_grid_id"";a:0:{}}",default,default,0,,,publish,3,raleigh-nc-bootcamp,,default,0,0,closed,closed
1655,"Orlando FL Bootcamp","<h3>Host: Agency Manager, Nick Horner</h3>
<a href=""https://agentportal.leazergroup.com/wp-content/uploads/2016/06/Orlando.jpg""><img class=""alignnone wp-image-1559 size-full"" src=""https://agentportal.leazergroup.com/wp-content/uploads/2016/06/Orlando.jpg"" width=""247"" height=""186"" /></a>",,20160714,espresso_events,https://agentportal.leazergroup.com/events/orlando-fl-bootcamp/,,,,,,,,,,,,,,,,,,"Boot Camp","Single Event","a:1:{s:10:""vc_grid_id"";a:0:{}}",default,default,0,,,publish,3,orlando-fl-bootcamp,,default,0,0,closed,closed
1674,"Houston TX Bootcamp","<h4 style=""text-align: left;"">Hosted By: Founder &amp; CEO-Art Leazer, VP of Sales &amp; Marketing-Kimberly Narretto</h4>
<a href=""https://agentportal.leazergroup.com/wp-content/uploads/2016/07/It.jpg""><img class=""alignnone size-full wp-image-1675"" src=""https://agentportal.leazergroup.com/wp-content/uploads/2016/07/It.jpg"" alt=""It"" width=""258"" height=""220"" /></a>",,20160722,espresso_events,https://agentportal.leazergroup.com/events/houston-tx-bootcamp/,https://agentportal.leazergroup.com/wp-content/uploads/2016/07/It.jpg,It.jpg,/home/content/p3pnexwpnas05_data02/64/2908564/html/wp-content/uploads/2016/07/It.jpg,1675,It,,,,,,,,,,,,,"Boot Camp","Single Event","a:1:{s:10:""vc_grid_id"";a:0:{}}",default,default,0,,,publish,1,houston-tx-bootcamp,,default,0,0,closed,closed
1681,"Baltimore MD Bootcamp","<h4 style=""text-align: left;"">Hosted By: Agency Manager-Brett Grossman</h4>
<a href=""https://agentportal.leazergroup.com/wp-content/uploads/2016/07/Renaissance-Baltimore.jpg""><img class=""alignnone size-full wp-image-1682"" src=""https://agentportal.leazergroup.com/wp-content/uploads/2016/07/Renaissance-Baltimore.jpg"" alt=""Renaissance Baltimore"" width=""267"" height=""217"" /></a>",,20160727,espresso_events,https://agentportal.leazergroup.com/events/baltimore-md-bootcamp-2/,https://agentportal.leazergroup.com/wp-content/uploads/2016/07/Renaissance-Baltimore.jpg,Renaissance-Baltimore.jpg,/home/content/p3pnexwpnas05_data02/64/2908564/html/wp-content/uploads/2016/07/Renaissance-Baltimore.jpg,1682,"Renaissance Baltimore",,,,,,,,,,,,,"Boot Camp","Single Event","a:1:{s:10:""vc_grid_id"";a:0:{}}",default,default,0,,,publish,1,baltimore-md-bootcamp-2,,default,0,0,closed,closed
1689,"Phoenix AZ Bootcamp","<h4 style=""text-align: left;"">Hosted By: Founder &amp; CEO-Art Leazer, VP of Sales &amp; Marketing-Kimberly Narretto</h4>
<a href=""https://agentportal.leazergroup.com/wp-content/uploads/2016/08/Hilton-Phoenix-Airport.jpg""><img class=""alignnone size-medium wp-image-1690"" src=""https://agentportal.leazergroup.com/wp-content/uploads/2016/08/Hilton-Phoenix-Airport-300x229.jpg"" alt=""Hilton Phoenix Airport"" width=""300"" height=""229"" /></a>",,20160801,espresso_events,https://agentportal.leazergroup.com/events/phoenix-az-bootcamp/,https://agentportal.leazergroup.com/wp-content/uploads/2016/08/Hilton-Phoenix-Airport.jpg,Hilton-Phoenix-Airport.jpg,/home/content/p3pnexwpnas05_data02/64/2908564/html/wp-content/uploads/2016/08/Hilton-Phoenix-Airport.jpg,1690,"Hilton Phoenix Airport",,,,,,,,,,,,,"Boot Camp","Single Event","a:1:{s:10:""vc_grid_id"";a:0:{}}",default,default,0,,,publish,1,phoenix-az-bootcamp,,default,0,0,closed,closed
1691,"Seattle WA Bootcamp","<h4 style=""text-align: left;"">Hosted By: Founder &amp; CEO-Art Leazer, VP of Sales &amp; Marketing-Kimberly Narretto</h4>
<a href=""https://agentportal.leazergroup.com/wp-content/uploads/2016/08/unnamed.jpg""><img class=""alignnone size-full wp-image-1713"" src=""https://agentportal.leazergroup.com/wp-content/uploads/2016/08/unnamed.jpg"" alt=""unnamed"" width=""266"" height=""215"" /></a>",,20160801,espresso_events,https://agentportal.leazergroup.com/events/seattle-wa-bootcamp-2/,https://agentportal.leazergroup.com/wp-content/uploads/2016/08/unnamed.jpg|https://agentportal.leazergroup.com/wp-content/uploads/2016/08/Seattle-Airport-Marriott.jpg,unnamed.jpg|Seattle-Airport-Marriott.jpg,/home/content/p3pnexwpnas05_data02/64/2908564/html/wp-content/uploads/2016/08/unnamed.jpg|/home/content/p3pnexwpnas05_data02/64/2908564/html/wp-content/uploads/2016/08/Seattle-Airport-Marriott.jpg,1713|1694,"unnamed|Seattle Airport Marriott",,,,,,,,,,,,,"Boot Camp","Single Event","a:1:{s:10:""vc_grid_id"";a:0:{}}",default|default,default,0,,,publish,1,seattle-wa-bootcamp-2,,default,0,0,closed,closed
1716,"Seattle WA Bootcamp","<h4 style=""text-align: left;"">Hosted By: VP of Sales &amp; Marketing-Kimberly Narretto</h4>
<a href=""https://agentportal.leazergroup.com/wp-content/uploads/2016/08/Seattle-Airport-Marriott.jpg""><img class=""alignnone size-full wp-image-1694"" src=""https://agentportal.leazergroup.com/wp-content/uploads/2016/08/Seattle-Airport-Marriott.jpg"" alt=""Seattle Airport Marriott"" width=""289"" height=""255"" /></a>",,20160812,espresso_events,https://agentportal.leazergroup.com/events/seattle-wa-bootcamp-3/,,,,,,,,,,,,,,,,,,"Boot Camp","Single Event","a:1:{s:10:""vc_grid_id"";a:0:{}}",default,default,0,,,publish,1,seattle-wa-bootcamp-3,,default,0,0,closed,closed
1729,"Seattle WA Bootcamp","<h4 style=""text-align: left;"">Hosted By: VP of Sales &amp; Marketing-Kimberly Narretto</h4>
<a href=""https://agentportal.leazergroup.com/wp-content/uploads/2016/08/Seattle-Airport-Marriott.jpg""><img class=""alignnone size-full wp-image-1694"" src=""https://agentportal.leazergroup.com/wp-content/uploads/2016/08/Seattle-Airport-Marriott.jpg"" alt=""Seattle Airport Marriott"" width=""289"" height=""255"" /></a>",,20160823,espresso_events,https://agentportal.leazergroup.com/events/seattle-wa-bootcamp-4/,,,,,,,,,,,,,,,,,,"Boot Camp","Single Event","a:1:{s:10:""vc_grid_id"";a:0:{}}",default,default,0,,,publish,1,seattle-wa-bootcamp-4,,default,0,0,closed,closed
1730,"Nashville TN Bootcamp","<h4>Hosted By: Agency Manager: Nick Horner</h4>
<a href=""https://agentportal.leazergroup.com/wp-content/uploads/2016/07/Marriott-Nashville-Airport.jpg""><img class=""alignnone size-full wp-image-1634"" src=""https://agentportal.leazergroup.com/wp-content/uploads/2016/07/Marriott-Nashville-Airport.jpg"" alt=""Marriott-Nashville-Airport"" width=""259"" height=""194"" /></a>

&nbsp;",,20160823,espresso_events,https://agentportal.leazergroup.com/events/nashville-tn-bootcamp-2/,,,,,,,,,,,,,,,,,,"Boot Camp","Single Event","a:1:{s:10:""vc_grid_id"";a:0:{}}",default,default,0,,,publish,1,nashville-tn-bootcamp-2,,default,0,0,closed,closed
1778,"Baltimore, MD Bootcamp","<h4 style=""text-align: left;"">Hosted By: Founder &amp; CEO-Art Leazer, Agency Manager-Joe Skelley</h4>
<a href=""https://agentportal.leazergroup.com/wp-content/uploads/2016/09/Baltimore-Marriott-Waterfront.jpg""><img class=""alignnone size-full wp-image-1779"" src=""https://agentportal.leazergroup.com/wp-content/uploads/2016/09/Baltimore-Marriott-Waterfront.jpg"" alt=""Baltimore Marriott Waterfront"" width=""273"" height=""232"" /></a>",,20160907,espresso_events,https://agentportal.leazergroup.com/events/baltimore-md-bootcamp-3/,https://agentportal.leazergroup.com/wp-content/uploads/2016/09/Baltimore-Marriott-Waterfront.jpg,Baltimore-Marriott-Waterfront.jpg,/home/content/p3pnexwpnas05_data02/64/2908564/html/wp-content/uploads/2016/09/Baltimore-Marriott-Waterfront.jpg,1779,"Baltimore Marriott Waterfront",,,,,,,,,,,,,"Boot Camp","Single Event","a:1:{s:10:""vc_grid_id"";a:0:{}}",default,default,0,,,publish,830,baltimore-md-bootcamp-3,,default,0,0,closed,closed
1791,"City Stop Tour: Raleigh","<strong>We expect that Raleigh will have the largest attendance therefore we’ve secured a great deal for sleeping rooms at the host hotel. Please note these are VERY LIMITED due to the massive discount we’ve secured!</strong>

<strong>You can book a room for Thursday 9/29 and Friday 9/30 at a very LOW price of $119/night which is a discounted from their regular rate over $250!! Book your room in advance because we will SELL OUT in a few days!!! Rooms must be booked no later than Friday 9/16/16 in order to take advantage of this HUGE discount! </strong>

<a href=""http://www.marriott.com/meeting-event-hotels/group-corporate-travel/groupCorp.mi?resLinkData=Leazer%20Group%20Training%20Seminar%5Erdunc%60tlgtlga%7Ctlgtlgb%60119.00%60USD%60false%604%609/29/16%6010/1/16%609/16/16&amp;app=resvlink&amp;stop_mobi=yes""><strong>Book your group rate for Leazer Group Training Seminar</strong></a>

<a href=""https://agentportal.leazergroup.com/wp-content/uploads/2016/09/Raleigh-Now.jpg""><img class=""alignnone  wp-image-1805"" src=""https://agentportal.leazergroup.com/wp-content/uploads/2016/09/Raleigh-Now-300x193.jpg"" alt=""raleigh-now"" width=""269"" height=""173"" /></a>

&nbsp;

&nbsp;",,20160913,espresso_events,https://agentportal.leazergroup.com/events/city-stop-tour-raleigh/,https://agentportal.leazergroup.com/wp-content/uploads/2016/09/Raleigh-Now.jpg|https://agentportal.leazergroup.com/wp-content/uploads/2016/09/unnamed-1.jpg|https://agentportal.leazergroup.com/wp-content/uploads/2016/09/City-Stop-Raleigh.jpg,Raleigh-Now.jpg|unnamed-1.jpg|City-Stop-Raleigh.jpg,/home/content/p3pnexwpnas05_data02/64/2908564/html/wp-content/uploads/2016/09/Raleigh-Now.jpg|/home/content/p3pnexwpnas05_data02/64/2908564/html/wp-content/uploads/2016/09/unnamed-1.jpg|/home/content/p3pnexwpnas05_data02/64/2908564/html/wp-content/uploads/2016/09/City-Stop-Raleigh.jpg,1805|1803|1792,raleigh-now|unnamed-1|city-stop-raleigh,,,,,,,,,,,,,Conference,"Single Event","a:1:{s:10:""vc_grid_id"";a:0:{}}",default,default,0,,,publish,830,city-stop-tour-raleigh,,default,0,0,closed,closed
1793,"City Stop Tour: Dallas","<a href=""https://agentportal.leazergroup.com/wp-content/uploads/2016/09/Dallas-City-Stop.jpg""><img class=""alignnone size-medium wp-image-1794"" src=""https://agentportal.leazergroup.com/wp-content/uploads/2016/09/Dallas-City-Stop-300x157.jpg"" alt=""dallas-city-stop"" width=""300"" height=""157"" /></a>",,20160913,espresso_events,https://agentportal.leazergroup.com/events/city-stop-tour-dallas/,https://agentportal.leazergroup.com/wp-content/uploads/2016/09/Dallas-City-Stop.jpg,Dallas-City-Stop.jpg,/home/content/p3pnexwpnas05_data02/64/2908564/html/wp-content/uploads/2016/09/Dallas-City-Stop.jpg,1794,dallas-city-stop,,,,,,,,,,,,,Conference,"Single Event","a:1:{s:10:""vc_grid_id"";a:0:{}}",default,default,0,,,publish,830,city-stop-tour-dallas,,default,0,0,closed,closed
1795,"City Stop Tour: Las Vegas","<a href=""https://agentportal.leazergroup.com/wp-content/uploads/2016/09/Las-Vegas-City-Stop.jpg""><img class=""alignnone size-medium wp-image-1796"" src=""https://agentportal.leazergroup.com/wp-content/uploads/2016/09/Las-Vegas-City-Stop-300x169.jpg"" alt=""las-vegas-city-stop"" width=""300"" height=""169"" /></a>",,20160913,espresso_events,https://agentportal.leazergroup.com/events/city-stop-tour-las-vegas/,https://agentportal.leazergroup.com/wp-content/uploads/2016/09/Las-Vegas-City-Stop.jpg,Las-Vegas-City-Stop.jpg,/home/content/p3pnexwpnas05_data02/64/2908564/html/wp-content/uploads/2016/09/Las-Vegas-City-Stop.jpg,1796,las-vegas-city-stop,,,,,,,,,,,,,Conference,"Single Event","a:1:{s:10:""vc_grid_id"";a:0:{}}",default,default,0,,,publish,830,city-stop-tour-las-vegas,,default,0,0,closed,closed
1895,"Worcester, MA Bootcamp","<h4 style=""text-align: left;"">Hosted By: Agency Manager-Lateef Duncan and Agency Leader-Nelson Alvarez</h4>
<a href=""https://agentportal.leazergroup.com/wp-content/uploads/2016/10/Worcester-MA-Hilton.jpg""><img class=""alignnone size-medium wp-image-1896"" src=""https://agentportal.leazergroup.com/wp-content/uploads/2016/10/Worcester-MA-Hilton-300x253.jpg"" alt=""worcester-ma-hilton"" width=""300"" height=""253"" /></a>

&nbsp;",,20161018,espresso_events,https://agentportal.leazergroup.com/events/worcester-ma-bootcamp/,https://agentportal.leazergroup.com/wp-content/uploads/2016/10/Worcester-MA-Hilton.jpg,Worcester-MA-Hilton.jpg,/home/content/p3pnexwpnas05_data02/64/2908564/html/wp-content/uploads/2016/10/Worcester-MA-Hilton.jpg,1896,worcester-ma-hilton,,,,,,,,,,,,,"Boot Camp","Single Event","a:1:{s:10:""vc_grid_id"";a:0:{}}",default,default,0,,,publish,830,worcester-ma-bootcamp,,default,0,0,closed,closed
1907,"Kansas City, MO Bootcamp","<h4>Hosted By: National Agency Manager: Aaron Guetterman</h4>
<a href=""https://agentportal.leazergroup.com/wp-content/uploads/2016/10/Kansas-City-MO.jpg""><img class=""alignnone size-medium wp-image-1908"" src=""https://agentportal.leazergroup.com/wp-content/uploads/2016/10/Kansas-City-MO-300x255.jpg"" alt=""kansas-city-mo"" width=""300"" height=""255"" /></a>",,20161024,espresso_events,https://agentportal.leazergroup.com/events/kansas-city-mo-bootcamp-3/,https://agentportal.leazergroup.com/wp-content/uploads/2016/10/Kansas-City-MO.jpg,Kansas-City-MO.jpg,/home/content/p3pnexwpnas05_data02/64/2908564/html/wp-content/uploads/2016/10/Kansas-City-MO.jpg,1908,kansas-city-mo,,,,,,,,,,,,,"Boot Camp","Single Event","a:1:{s:10:""vc_grid_id"";a:0:{}}",default,default,0,,,publish,830,kansas-city-mo-bootcamp-3,,default,0,0,closed,closed
1913,"Asheville, NC Bootcamp","<h4>Hosted By: National Agency Manager: Aaron Guetterman</h4>
<a href=""https://agentportal.leazergroup.com/wp-content/uploads/2016/10/Asheville-NC.jpg""><img class=""alignnone size-medium wp-image-1914"" src=""https://agentportal.leazergroup.com/wp-content/uploads/2016/10/Asheville-NC-300x265.jpg"" alt=""asheville-nc"" width=""300"" height=""265"" /></a>",,20161026,espresso_events,https://agentportal.leazergroup.com/events/asheville-nc-bootcamp/,https://agentportal.leazergroup.com/wp-content/uploads/2016/10/Asheville-NC.jpg,Asheville-NC.jpg,/home/content/p3pnexwpnas05_data02/64/2908564/html/wp-content/uploads/2016/10/Asheville-NC.jpg,1914,asheville-nc,,,,,,,,,,,,,"Boot Camp","Single Event","a:1:{s:10:""vc_grid_id"";a:0:{}}",default,default,0,,,publish,830,asheville-nc-bootcamp,,default,0,0,closed,closed
1923,"Little Rock, AR Bootcamp","<h4>Hosted By: National Agency Manager: Nick Horner and Agency Manager: Bill South</h4>
<a href=""https://agentportal.leazergroup.com/wp-content/uploads/2016/10/Little-Rock.jpg""><img class=""alignnone size-medium wp-image-1924"" src=""https://agentportal.leazergroup.com/wp-content/uploads/2016/10/Little-Rock-300x264.jpg"" alt=""little-rock"" width=""300"" height=""264"" /></a>",,20161027,espresso_events,https://agentportal.leazergroup.com/events/little-rock-ar-bootcamp/,https://agentportal.leazergroup.com/wp-content/uploads/2016/10/Little-Rock.jpg,Little-Rock.jpg,/home/content/p3pnexwpnas05_data02/64/2908564/html/wp-content/uploads/2016/10/Little-Rock.jpg,1924,little-rock,,,,,,,,,,,,,"Boot Camp","Single Event","a:1:{s:10:""vc_grid_id"";a:0:{}}",default,default,0,,,publish,830,little-rock-ar-bootcamp,,default,0,0,closed,closed
1925,"Scranton, PA Bootcamp","<h4>Hosted By: Agency Manager: Joe Skelley</h4>
<a href=""https://agentportal.leazergroup.com/wp-content/uploads/2016/10/Scranton-PA.jpg""><img class=""alignnone size-medium wp-image-1926"" src=""https://agentportal.leazergroup.com/wp-content/uploads/2016/10/Scranton-PA-300x250.jpg"" alt=""scranton-pa"" width=""300"" height=""250"" /></a>",,20161027,espresso_events,https://agentportal.leazergroup.com/events/scranton-pa-bootcamp/,https://agentportal.leazergroup.com/wp-content/uploads/2016/10/Scranton-PA.jpg,Scranton-PA.jpg,/home/content/p3pnexwpnas05_data02/64/2908564/html/wp-content/uploads/2016/10/Scranton-PA.jpg,1926,scranton-pa,,,,,,,,,,,,,"Boot Camp","Single Event","a:1:{s:10:""vc_grid_id"";a:0:{}}",default,default,0,,,publish,830,scranton-pa-bootcamp,,default,0,0,closed,closed
1929,"Orlando, FL Bootcamp","<h3>Host: Agency Manager: Bill South</h3>
<a href=""https://agentportal.leazergroup.com/wp-content/uploads/2016/06/Orlando.jpg""><img class=""alignnone wp-image-1559 size-full"" src=""https://agentportal.leazergroup.com/wp-content/uploads/2016/06/Orlando.jpg"" width=""247"" height=""186"" /></a>",,20161028,espresso_events,https://agentportal.leazergroup.com/events/orlando-fl-bootcamp-2/,,,,,,,,,,,,,,,,,,"Boot Camp","Single Event","a:1:{s:10:""vc_grid_id"";a:0:{}}",default,default,0,,,publish,3,orlando-fl-bootcamp-2,,default,0,0,closed,closed
1937,"Houston, TX Bootcamp","<h4>Hosted By: National Agency Manager: Nick Horner and Agency Manager: Bill South</h4>
<a href=""https://agentportal.leazergroup.com/wp-content/uploads/2016/11/Houston-TX.jpg""><img class=""alignnone size-medium wp-image-1938"" src=""https://agentportal.leazergroup.com/wp-content/uploads/2016/11/Houston-TX-300x263.jpg"" alt=""houston-tx"" width=""300"" height=""263"" /></a>",,20161101,espresso_events,https://agentportal.leazergroup.com/events/houston-tx-bootcamp-2/,https://agentportal.leazergroup.com/wp-content/uploads/2016/11/Houston-TX.jpg,Houston-TX.jpg,/home/content/p3pnexwpnas05_data02/64/2908564/html/wp-content/uploads/2016/11/Houston-TX.jpg,1938,houston-tx,,,,,,,,,,,,,"Boot Camp","Single Event","a:1:{s:10:""vc_grid_id"";a:0:{}}",default,default,0,,,publish,830,houston-tx-bootcamp-2,,default,0,0,closed,closed
1944,"Harrisburg, PA Bootcamp","<h4>Hosted By: Agency Manager: Joe Skelley</h4>
<a href=""https://agentportal.leazergroup.com/wp-content/uploads/2016/11/Harrisburg.jpg""><img class=""alignnone size-medium wp-image-1945"" src=""https://agentportal.leazergroup.com/wp-content/uploads/2016/11/Harrisburg-300x253.jpg"" alt=""harrisburg"" width=""300"" height=""253"" /></a>",,20161101,espresso_events,https://agentportal.leazergroup.com/events/harrisburg-pa-bootcamp/,https://agentportal.leazergroup.com/wp-content/uploads/2016/11/Harrisburg.jpg,Harrisburg.jpg,/home/content/p3pnexwpnas05_data02/64/2908564/html/wp-content/uploads/2016/11/Harrisburg.jpg,1945,harrisburg,,,,,,,,,,,,,"Boot Camp","Single Event","a:1:{s:10:""vc_grid_id"";a:0:{}}",default,default,0,,,publish,830,harrisburg-pa-bootcamp,,default,0,0,closed,closed
1954,"2017 WINTER CONFERENCE","<a href=""https://agentportal.leazergroup.com/wp-content/uploads/2016/11/unnamed.jpg""><img class=""wp-image-1959 aligncenter"" src=""https://agentportal.leazergroup.com/wp-content/uploads/2016/11/unnamed-300x225.jpg"" alt=""unnamed"" width=""378"" height=""284"" /></a>
<p style=""text-align: center;""><strong> </strong></p>
<p style=""text-align: center;"">The Leazer Group will be hosting their<strong> National Sales Conference</strong> at the beautiful Marriott at Crabtree in Raleigh, North Carolina! Mark your calendar on <strong>February 3<sup>rd</sup> &amp; 4th</strong> for our biggest event of the year, our annual sales and inspiration conference! This event is designed to coach and train agents to help them  grow professionally and personally and becoming an agent of change.  From this event you will be given the tools to help increase your sales with product knowledge directly from the carriers, tips from all of our top producers, be coached and trained by the <strong>TLG</strong> leaders,  building an agency and most importantly associating with <strong>Art Leazer</strong>, <strong>Kimberly Narretto</strong>, <strong>Tom Brown</strong> and many more!</p>
<p style=""text-align: center;"">Success is not just for anyone, it’s for you! So come be part of the <strong>TLG</strong> experience and let <strong>2017</strong> be the year that you</p>
<p style=""text-align: center;""><strong>“BREAKTHROUGH TO EXCELLENCE!</strong>”</p>",,20161110,espresso_events,https://agentportal.leazergroup.com/events/2017-winter-conference/,https://agentportal.leazergroup.com/wp-content/uploads/2016/11/unnamed.jpg|https://agentportal.leazergroup.com/wp-content/uploads/2016/11/TLG-WC-2017-COVER-1.jpg|https://agentportal.leazergroup.com/wp-content/uploads/2016/11/TLG-WC-2017-COVER.jpg,unnamed.jpg|TLG-WC-2017-COVER-1.jpg|TLG-WC-2017-COVER.jpg,/home/content/p3pnexwpnas05_data02/64/2908564/html/wp-content/uploads/2016/11/unnamed.jpg|/home/content/p3pnexwpnas05_data02/64/2908564/html/wp-content/uploads/2016/11/TLG-WC-2017-COVER-1.jpg|/home/content/p3pnexwpnas05_data02/64/2908564/html/wp-content/uploads/2016/11/TLG-WC-2017-COVER.jpg,1959|1958|1955,unnamed|tlg-wc-2017-cover,,,,,,,,,,,,,Conference,"Single Event","a:1:{s:10:""vc_grid_id"";a:0:{}}",default,default,0,,,publish,830,2017-winter-conference,,default,0,0,closed,closed
1975,"Nashville, TN Bootcamp","<h4>Hosted By: National Agency Manager: Aaron Guetterman</h4>
<a href=""https://agentportal.leazergroup.com/wp-content/uploads/2016/11/Nashville-BC-2.jpg""><img class=""alignnone size-medium wp-image-1981"" src=""https://agentportal.leazergroup.com/wp-content/uploads/2016/11/Nashville-BC-2-300x243.jpg"" alt=""nashville-bc-2"" width=""300"" height=""243"" /></a>",,20161116,espresso_events,https://agentportal.leazergroup.com/events/nashville-tn-bootcamp-3/,https://agentportal.leazergroup.com/wp-content/uploads/2016/11/Nashville-BC-2.jpg,Nashville-BC-2.jpg,/home/content/p3pnexwpnas05_data02/64/2908564/html/wp-content/uploads/2016/11/Nashville-BC-2.jpg,1981,nashville-bc-2,,,,,,,,,,,,,"Boot Camp","Single Event","a:1:{s:10:""vc_grid_id"";a:0:{}}",default,default,0,,,publish,830,nashville-tn-bootcamp-3,,default,0,0,closed,closed
1976,"Detroit, MI Bootcamp","<h4 style=""text-align: left;"">Hosted By: Agency Manager-Lateef Duncan</h4>
<a href=""https://agentportal.leazergroup.com/wp-content/uploads/2016/11/Detroit-BC.jpg""><img class=""alignnone size-medium wp-image-1980"" src=""https://agentportal.leazergroup.com/wp-content/uploads/2016/11/Detroit-BC-300x256.jpg"" alt=""detroit-bc"" width=""300"" height=""256"" /></a>",,20161116,espresso_events,https://agentportal.leazergroup.com/events/detroit-mi-bootcamp/,https://agentportal.leazergroup.com/wp-content/uploads/2016/11/Detroit-BC.jpg,Detroit-BC.jpg,/home/content/p3pnexwpnas05_data02/64/2908564/html/wp-content/uploads/2016/11/Detroit-BC.jpg,1980,detroit-bc,,,,,,,,,,,,,,"Single Event","a:1:{s:10:""vc_grid_id"";a:0:{}}",default,default,0,,,publish,830,detroit-mi-bootcamp,,default,0,0,closed,closed
1993,"Albany, NY Bootcamp","<h4>Hosted By: National Agency Manager: Aaron Guetterman</h4>
<a href=""https://agentportal.leazergroup.com/wp-content/uploads/2016/11/unnamed.png""><img class=""alignnone size-medium wp-image-1994"" src=""https://agentportal.leazergroup.com/wp-content/uploads/2016/11/unnamed-300x161.png"" alt=""unnamed"" width=""300"" height=""161"" /></a>",,20161202,espresso_events,https://agentportal.leazergroup.com/events/albany-ny-bootcamp-4/,https://agentportal.leazergroup.com/wp-content/uploads/2016/11/unnamed.png,unnamed.png,/home/content/p3pnexwpnas05_data02/64/2908564/html/wp-content/uploads/2016/11/unnamed.png,1994,unnamed,,,,,,,,,,,,,"Boot Camp","Single Event","a:1:{s:10:""vc_grid_id"";a:0:{}}",default,default,0,,,publish,830,albany-ny-bootcamp-4,,default,0,0,closed,closed
2000,"New Orleans, LA Bootcamp","<h4>Hosted By: Agency Manager: Joe Skelley</h4>
<a href=""https://agentportal.leazergroup.com/wp-content/uploads/2016/12/Orleans.jpg""><img class=""alignnone  wp-image-2001"" src=""https://agentportal.leazergroup.com/wp-content/uploads/2016/12/Orleans-300x240.jpg"" alt=""orleans"" width=""328"" height=""262"" /></a>",,20161206,espresso_events,https://agentportal.leazergroup.com/events/new-orleans-la-bootcamp/,https://agentportal.leazergroup.com/wp-content/uploads/2016/12/Orleans.jpg,Orleans.jpg,/home/content/p3pnexwpnas05_data02/64/2908564/html/wp-content/uploads/2016/12/Orleans.jpg,2001,orleans,,,,,,,,,,,,,"Boot Camp","Single Event","a:1:{s:10:""vc_grid_id"";a:0:{}}",default,default,0,,,publish,830,new-orleans-la-bootcamp,,default,0,0,closed,closed
2032,"Statesville, NC Bootcamp","<h4>Hosted By: Agency Leader: Chris Scheib</h4>
$20 admission fee will be paid at the door.

<a href=""https://agentportal.leazergroup.com/wp-content/uploads/2016/12/Hampton-Statesville.jpg""><img class=""alignnone size-medium wp-image-2291"" src=""https://agentportal.leazergroup.com/wp-content/uploads/2016/12/Hampton-Statesville-300x242.jpg"" alt="""" width=""300"" height=""242"" /></a>

&nbsp;",,20161214,espresso_events,https://agentportal.leazergroup.com/events/memphis-tn-bootcamp/,https://agentportal.leazergroup.com/wp-content/uploads/2016/12/Hampton-Statesville.jpg|https://agentportal.leazergroup.com/wp-content/uploads/2016/11/Memphis.jpg,Hampton-Statesville.jpg|Memphis.jpg,/home/content/p3pnexwpnas05_data02/64/2908564/html/wp-content/uploads/2016/12/Hampton-Statesville.jpg|/home/content/p3pnexwpnas05_data02/64/2908564/html/wp-content/uploads/2016/11/Memphis.jpg,2291|2033,"Hampton Statesville|memphis",,,,,,,,,,,,,"Boot Camp","Single Event","a:1:{s:10:""vc_grid_id"";a:0:{}}",default,default,0,,,publish,830,memphis-tn-bootcamp,,default,0,0,closed,closed
2034,"Worcester, MA Bootcamp","<h4 style=""text-align: left;"">Hosted By: Agency Manager-Lateef Duncan  and Agency Manager - Joe Skelley</h4>
<a href=""https://agentportal.leazergroup.com/wp-content/uploads/2016/10/Worcester-MA-Hilton.jpg""><img class=""alignnone size-medium wp-image-1896"" src=""https://agentportal.leazergroup.com/wp-content/uploads/2016/10/Worcester-MA-Hilton-300x253.jpg"" alt=""worcester-ma-hilton"" width=""300"" height=""253"" /></a>

&nbsp;",,20161214,espresso_events,https://agentportal.leazergroup.com/events/worcester-ma-bootcamp-2/,,,,,,,,,,,,,,,,,,"Boot Camp","Single Event","a:1:{s:10:""vc_grid_id"";a:0:{}}",default,default,0,,,publish,830,worcester-ma-bootcamp-2,,default,0,0,closed,closed
2037,"York, PA Bootcamp","<h4>Hosted By: Agency Manager: Joe Skelley</h4>
<a href=""https://agentportal.leazergroup.com/wp-content/uploads/2016/12/yorkyork.jpg""><img class=""alignnone size-medium wp-image-2038"" src=""https://agentportal.leazergroup.com/wp-content/uploads/2016/12/yorkyork-300x234.jpg"" alt=""yorkyork"" width=""300"" height=""234"" /></a>

&nbsp;",,20161215,espresso_events,https://agentportal.leazergroup.com/events/york-pa-bootcamp/,https://agentportal.leazergroup.com/wp-content/uploads/2016/12/yorkyork.jpg,yorkyork.jpg,/home/content/p3pnexwpnas05_data02/64/2908564/html/wp-content/uploads/2016/12/yorkyork.jpg,2038,yorkyork,,,,,,,,,,,,,"Boot Camp","Single Event","a:1:{s:10:""vc_grid_id"";a:0:{}}",default,default,0,,,publish,830,york-pa-bootcamp,,default,0,0,closed,closed
2039,"Austin, TX Bootcamp","<h4>Hosted By: National Agency Manager: Nick Horner</h4>
<a href=""https://agentportal.leazergroup.com/wp-content/uploads/2016/12/austinaustin.jpg""><img class=""alignnone size-medium wp-image-2040"" src=""https://agentportal.leazergroup.com/wp-content/uploads/2016/12/austinaustin-300x215.jpg"" alt=""austinaustin"" width=""300"" height=""215"" /></a>

&nbsp;",,20161215,espresso_events,https://agentportal.leazergroup.com/events/austin-tx-bootcamp/,https://agentportal.leazergroup.com/wp-content/uploads/2016/12/austinaustin.jpg,austinaustin.jpg,/home/content/p3pnexwpnas05_data02/64/2908564/html/wp-content/uploads/2016/12/austinaustin.jpg,2040,austinaustin,,,,,,,,,,,,,"Boot Camp","Single Event","a:1:{s:10:""vc_grid_id"";a:0:{}}",default,default,0,,,publish,830,austin-tx-bootcamp,,default,0,0,closed,closed
2092,"Asheville, NC Bootcamp","<h4>Hosted By: National Agency Manager: Aaron Guetterman</h4>
<a href=""https://agentportal.leazergroup.com/wp-content/uploads/2016/10/Asheville-NC.jpg""><img class=""alignnone size-medium wp-image-1914"" src=""https://agentportal.leazergroup.com/wp-content/uploads/2016/10/Asheville-NC-300x265.jpg"" alt=""asheville-nc"" width=""300"" height=""265"" /></a>",,20170103,espresso_events,https://agentportal.leazergroup.com/events/asheville-nc-bootcamp-2/,,,,,,,,,,,,,,,,,,"Boot Camp","Single Event","a:1:{s:10:""vc_grid_id"";a:0:{}}",default,default,0,,,publish,830,asheville-nc-bootcamp-2,,default,0,0,closed,closed
2099,"Dallas, TX Bootcamp","<h4>Hosted By: National Agency Manager: Aaron Guetterman</h4>
<a href=""https://agentportal.leazergroup.com/wp-content/uploads/2017/01/Homewood.jpg""><img class=""alignnone  wp-image-2100"" src=""https://agentportal.leazergroup.com/wp-content/uploads/2017/01/Homewood-300x288.jpg"" alt="""" width=""266"" height=""255"" /></a>
<h4></h4>",,20170111,espresso_events,https://agentportal.leazergroup.com/events/irving-tx-bootcamp-3/,https://agentportal.leazergroup.com/wp-content/uploads/2017/01/Homewood.jpg,Homewood.jpg,/home/content/p3pnexwpnas05_data02/64/2908564/html/wp-content/uploads/2017/01/Homewood.jpg,2100,Homewood,,,,,,,,,,,,,"Boot Camp","Single Event","a:1:{s:10:""vc_grid_id"";a:0:{}}",default,default,0,,,publish,830,irving-tx-bootcamp-3,,default,0,0,closed,closed
2162,"Pittsburgh, PA Bootcamp","Hosted By: Agency Manager: Joe Skelley

<a href=""https://agentportal.leazergroup.com/wp-content/uploads/2017/02/Pittsburgh-Hotel.jpg""><img class=""alignnone size-medium wp-image-2163"" src=""https://agentportal.leazergroup.com/wp-content/uploads/2017/02/Pittsburgh-Hotel-300x223.jpg"" alt="""" width=""300"" height=""223"" /></a>",,20170210,espresso_events,https://agentportal.leazergroup.com/events/pittsburgh-pa-bootcamp/,https://agentportal.leazergroup.com/wp-content/uploads/2017/02/Pittsburgh-Hotel.jpg,Pittsburgh-Hotel.jpg,/home/content/p3pnexwpnas05_data02/64/2908564/html/wp-content/uploads/2017/02/Pittsburgh-Hotel.jpg,2163,"Pittsburgh Hotel",,,,,,,,,,,,,"Boot Camp","Single Event","a:1:{s:10:""vc_grid_id"";a:0:{}}",default,default,0,,,publish,830,pittsburgh-pa-bootcamp,,default,0,0,closed,closed
2165,"Cleveland, OH Bootcamp","<h4>Hosted By: National Agency Manager: Aaron Guetterman</h4>
<a href=""https://agentportal.leazergroup.com/wp-content/uploads/2017/02/image002.jpg""><img class=""alignnone size-medium wp-image-2166"" src=""https://agentportal.leazergroup.com/wp-content/uploads/2017/02/image002-300x219.jpg"" alt="""" width=""300"" height=""219"" /></a>",,20170210,espresso_events,https://agentportal.leazergroup.com/events/cleveland-oh-bootcamp/,https://agentportal.leazergroup.com/wp-content/uploads/2017/02/image002.jpg,image002.jpg,/home/content/p3pnexwpnas05_data02/64/2908564/html/wp-content/uploads/2017/02/image002.jpg,2166,image002,,,,,,,,,,,,,"Boot Camp","Single Event","a:1:{s:10:""vc_grid_id"";a:0:{}}",default,default,0,,,publish,830,cleveland-oh-bootcamp,,default,0,0,closed,closed
2167,"Cleveland, OH Bootcamp","<h4>Hosted By: Agency Manager: Joe Skelley</h4>
<a href=""https://agentportal.leazergroup.com/wp-content/uploads/2017/02/image002-1.jpg""><img class=""alignnone size-medium wp-image-2168"" src=""https://agentportal.leazergroup.com/wp-content/uploads/2017/02/image002-1-300x219.jpg"" alt="""" width=""300"" height=""219"" /></a>",,20170210,espresso_events,https://agentportal.leazergroup.com/events/cleveland-oh-bootcamp-2/,https://agentportal.leazergroup.com/wp-content/uploads/2017/02/image002-1.jpg,image002-1.jpg,/home/content/p3pnexwpnas05_data02/64/2908564/html/wp-content/uploads/2017/02/image002-1.jpg,2168,image002,,,,,,,,,,,,,"Boot Camp","Single Event","a:1:{s:10:""vc_grid_id"";a:0:{}}",default,default,0,,,publish,830,cleveland-oh-bootcamp-2,,default,0,0,closed,closed
2171,"Greensboro, NC Bootcamp","<h4>Hosted By: Agency Manager: John Kenney</h4>
<a href=""https://agentportal.leazergroup.com/wp-content/uploads/2017/02/Greensboro.jpg""><img class=""alignnone size-medium wp-image-2217"" src=""https://agentportal.leazergroup.com/wp-content/uploads/2017/02/Greensboro-300x243.jpg"" alt="""" width=""300"" height=""243"" /></a>",,20170210,espresso_events,https://agentportal.leazergroup.com/events/greensboro-nc-bootcamp/,https://agentportal.leazergroup.com/wp-content/uploads/2017/02/Greensboro.jpg,Greensboro.jpg,/home/content/p3pnexwpnas05_data02/64/2908564/html/wp-content/uploads/2017/02/Greensboro.jpg,2217,Greensboro,,,,,,,,,,,,,"Boot Camp","Single Event","a:1:{s:10:""vc_grid_id"";a:0:{}}",default,default,0,,,publish,830,greensboro-nc-bootcamp,,default,0,0,closed,closed
2173,"Spartanburg, SC Bootcamp","<h4>Hosted By: Agency Manager: John Kenney</h4>
<a href=""https://agentportal.leazergroup.com/wp-content/uploads/2017/02/Spartanburg.jpg""><img class=""alignnone size-medium wp-image-2210"" src=""https://agentportal.leazergroup.com/wp-content/uploads/2017/02/Spartanburg-300x232.jpg"" alt="""" width=""300"" height=""232"" /></a>",,20170210,espresso_events,https://agentportal.leazergroup.com/events/spartanburg-sc-bootcamp/,https://agentportal.leazergroup.com/wp-content/uploads/2017/02/Spartanburg.jpg,Spartanburg.jpg,/home/content/p3pnexwpnas05_data02/64/2908564/html/wp-content/uploads/2017/02/Spartanburg.jpg,2210,Spartanburg,,,,,,,,,,,,,,"Single Event","a:1:{s:10:""vc_grid_id"";a:0:{}}",default,default,0,,,publish,830,spartanburg-sc-bootcamp,,default,0,0,closed,closed
2178,"Syracuse, NY Bootcamp","<h4>Hosted By: Agency Leader: Nelson Alvarez</h4>
$15 admission fee will be paid at the door.

<a href=""https://leazergroup.com/wp-content/uploads/2017/02/image001-1.jpg"" rel=""attachment wp-att-4703""><img class=""alignnone size-medium wp-image-4703"" src=""https://leazergroup.com/wp-content/uploads/2017/02/image001-1-300x221.jpg"" alt=""image001 (1)"" width=""300"" height=""221"" /></a>",,20170213,espresso_events,https://agentportal.leazergroup.com/events/syracuse-ny-bootcamp/,,,,,,,,,,,,,,,,,,"Boot Camp","Single Event","a:1:{s:10:""vc_grid_id"";a:0:{}}",default,default,0,,,publish,830,syracuse-ny-bootcamp,,default,0,0,closed,closed
2179,"Idaho Falls, ID Bootcamp","<h4>Hosted By: Agency Leader: Scott Schroeder</h4>
<a href=""https://agentportal.leazergroup.com/wp-content/uploads/2017/02/Idaho-Falls.jpg""><img class=""alignnone size-medium wp-image-2214"" src=""https://agentportal.leazergroup.com/wp-content/uploads/2017/02/Idaho-Falls-300x211.jpg"" alt="""" width=""300"" height=""211"" /></a>",,20170213,espresso_events,https://agentportal.leazergroup.com/events/idaho-falls-id-bootcamp/,https://agentportal.leazergroup.com/wp-content/uploads/2017/02/Idaho-Falls.jpg,Idaho-Falls.jpg,/home/content/p3pnexwpnas05_data02/64/2908564/html/wp-content/uploads/2017/02/Idaho-Falls.jpg,2214,"Idaho Falls",,,,,,,,,,,,,"Boot Camp","Single Event","a:1:{s:10:""vc_grid_id"";a:0:{}}",default,default,0,,,publish,830,idaho-falls-id-bootcamp,,default,0,0,closed,closed
2180,"Little Rock, AR Bootcamp","<h4>Hosted By: Agency Manager: Bill South, Agency Leader: Jerry Blackburn, and Agency Leader: Pat Davis</h4>
<a href=""https://agentportal.leazergroup.com/wp-content/uploads/2017/02/image001-2.jpg""><img class=""alignnone size-medium wp-image-2246"" src=""https://agentportal.leazergroup.com/wp-content/uploads/2017/02/image001-2-300x235.jpg"" alt="""" width=""300"" height=""235"" /></a>",,20170213,espresso_events,https://agentportal.leazergroup.com/events/little-rock-ar-bootcamp-2/,https://agentportal.leazergroup.com/wp-content/uploads/2017/02/image001-2.jpg,image001-2.jpg,/home/content/p3pnexwpnas05_data02/64/2908564/html/wp-content/uploads/2017/02/image001-2.jpg,2246,"image001 (2)",,,,,,,,,,,,,"Boot Camp","Single Event","a:1:{s:10:""vc_grid_id"";a:0:{}}",default,default,0,,,publish,830,little-rock-ar-bootcamp-2,,default,0,0,closed,closed
2181,"Seattle, WA Bootcamp","<h4>Hosted By: Team Leader: Mike Brandenburg</h4>
&nbsp;

<a href=""https://agentportal.leazergroup.com/wp-content/uploads/2017/02/Seattle-Library.jpg""><img class=""alignnone size-medium wp-image-2182"" src=""https://agentportal.leazergroup.com/wp-content/uploads/2017/02/Seattle-Library-300x230.jpg"" alt="""" width=""300"" height=""230"" /></a>",,20170213,espresso_events,https://agentportal.leazergroup.com/events/seattle-wa-bootcamp-5/,https://agentportal.leazergroup.com/wp-content/uploads/2017/02/Seattle-Library.jpg,Seattle-Library.jpg,/home/content/p3pnexwpnas05_data02/64/2908564/html/wp-content/uploads/2017/02/Seattle-Library.jpg,2182,"Seattle Library",,,,,,,,,,,,,"Boot Camp","Single Event","a:1:{s:10:""vc_grid_id"";a:0:{}}",default,default,0,,,publish,830,seattle-wa-bootcamp-5,,default,0,0,closed,closed
2186,"Cleveland, OH Bootcamp","<h4>Hosted By: Agency Manager: Lateef Duncan</h4>
<a href=""https://agentportal.leazergroup.com/wp-content/uploads/2017/02/image002-1.jpg""><img class=""alignnone size-medium wp-image-2168"" src=""https://agentportal.leazergroup.com/wp-content/uploads/2017/02/image002-1-300x219.jpg"" alt="""" width=""300"" height=""219"" /></a>",,20170213,espresso_events,https://agentportal.leazergroup.com/events/cleveland-oh-bootcamp-3/,,,,,,,,,,,,,,,,,,"Boot Camp","Single Event","a:1:{s:10:""vc_grid_id"";a:0:{}}",default,default,0,,,publish,830,cleveland-oh-bootcamp-3,,default,0,0,closed,closed
2187,"Orlando, FL Bootcamp","<h4>Hosted By: Agency Manager: Bill South, Agency Leader: Jerry Blackburn, and Team Leader: Paul Moses</h4>
<a href=""https://leazergroup.com/wp-content/uploads/2016/06/Orlando.jpg"" rel=""attachment wp-att-3971""><img class=""alignnone size-full wp-image-3971"" src=""https://leazergroup.com/wp-content/uploads/2016/06/Orlando.jpg"" alt=""Orlando"" width=""247"" height=""186"" /></a>",,20170213,espresso_events,https://agentportal.leazergroup.com/events/orlando-fl-bootcamp-3/,,,,,,,,,,,,,,,,,,"Boot Camp","Single Event","a:1:{s:10:""vc_grid_id"";a:0:{}}",default,default,0,,,publish,830,orlando-fl-bootcamp-3,,default,0,0,closed,closed
2188,"Nashville, TN Bootcamp","<h4>Hosted By: Agency Manager: Bill South, Agency Leader: Jerry Blackburn, and Team Leader: Paul Dillon</h4>
<a href=""https://agentportal.leazergroup.com/wp-content/uploads/2017/02/unnamed.jpg""><img class=""alignnone size-medium wp-image-2223"" src=""https://agentportal.leazergroup.com/wp-content/uploads/2017/02/unnamed-300x205.jpg"" alt="""" width=""300"" height=""205"" /></a>",,20170213,espresso_events,https://agentportal.leazergroup.com/events/nashville-tn-bootcamp-4/,https://agentportal.leazergroup.com/wp-content/uploads/2017/02/unnamed.jpg,unnamed.jpg,/home/content/p3pnexwpnas05_data02/64/2908564/html/wp-content/uploads/2017/02/unnamed.jpg,2223,unnamed,,,,,,,,,,,,,"Boot Camp","Single Event","a:1:{s:10:""vc_grid_id"";a:0:{}}",default,default,0,,,publish,830,nashville-tn-bootcamp-4,,default,0,0,closed,closed
2189,"Baltimore, MD Bootcamp","<h4>Hosted By: Agency Manager: Joe Skelley</h4>
<a href=""https://agentportal.leazergroup.com/wp-content/uploads/2017/02/Towson.jpg""><img class=""alignnone size-medium wp-image-2226"" src=""https://agentportal.leazergroup.com/wp-content/uploads/2017/02/Towson-300x221.jpg"" alt="""" width=""300"" height=""221"" /></a>",,20170213,espresso_events,https://agentportal.leazergroup.com/events/baltimore-md-bootcamp-4/,https://agentportal.leazergroup.com/wp-content/uploads/2017/02/Towson.jpg,Towson.jpg,/home/content/p3pnexwpnas05_data02/64/2908564/html/wp-content/uploads/2017/02/Towson.jpg,2226,Towson,,,,,,,,,,,,,"Boot Camp","Single Event","a:1:{s:10:""vc_grid_id"";a:0:{}}",default,default,0,,,publish,830,baltimore-md-bootcamp-4,,default,0,0,closed,closed
2190,"San Antonio, TX Bootcamp","<h4>Hosted By: Agency Manager: Bill South</h4>
<a href=""https://agentportal.leazergroup.com/wp-content/uploads/2017/02/San-Antonio.jpg""><img class=""alignnone size-medium wp-image-2307"" src=""https://agentportal.leazergroup.com/wp-content/uploads/2017/02/San-Antonio-300x235.jpg"" alt="""" width=""300"" height=""235"" /></a>",,20170213,espresso_events,https://agentportal.leazergroup.com/events/san-antonio-tx-bootcamp/,https://agentportal.leazergroup.com/wp-content/uploads/2017/02/San-Antonio.jpg,San-Antonio.jpg,/home/content/p3pnexwpnas05_data02/64/2908564/html/wp-content/uploads/2017/02/San-Antonio.jpg,2307,"San Antonio",,,,,,,,,,,,,"Boot Camp","Single Event","a:1:{s:10:""vc_grid_id"";a:0:{}}",default,default,0,,houston-tx-bootcamp-3,publish,830,san-antonio-tx-bootcamp,,default,0,0,closed,closed
2191,"Salt Lake City, UT Bootcamp","<h4>Hosted By: Vice President of Sales &amp; Marketing: Kimberly Narretto and National Agency Manger: Nick Horner</h4>
<a href=""https://agentportal.leazergroup.com/wp-content/uploads/2017/02/SLCH.jpg""><img class=""alignnone size-medium wp-image-2241"" src=""https://agentportal.leazergroup.com/wp-content/uploads/2017/02/SLCH-300x263.jpg"" alt="""" width=""300"" height=""263"" /></a>",,20170213,espresso_events,https://agentportal.leazergroup.com/events/salt-lake-city-ut-bootcamp-2/,https://agentportal.leazergroup.com/wp-content/uploads/2017/02/SLCH.jpg,SLCH.jpg,/home/content/p3pnexwpnas05_data02/64/2908564/html/wp-content/uploads/2017/02/SLCH.jpg,2241,SLCH,,,,,,,,,,,,,"Boot Camp","Single Event","a:1:{s:10:""vc_grid_id"";a:0:{}}",default,default,0,,,publish,830,salt-lake-city-ut-bootcamp-2,,default,0,0,closed,closed
2192,"Seattle, WA Bootcamp","<h4>Hosted By: Vice President of Sales &amp; Marketing: Kimberly Narretto and National Agency Manger: Nick Horner</h4>
<h4><a href=""https://agentportal.leazergroup.com/wp-content/uploads/2016/08/Seattle-Airport-Marriott.jpg""><img class=""alignnone size-full wp-image-1694"" src=""https://agentportal.leazergroup.com/wp-content/uploads/2016/08/Seattle-Airport-Marriott.jpg"" alt="""" width=""289"" height=""255"" /></a></h4>",,20170213,espresso_events,https://agentportal.leazergroup.com/events/portland-or-bootcamp-2/,,,,,,,,,,,,,,,,,,"Boot Camp","Single Event","a:1:{s:10:""vc_grid_id"";a:0:{}}",default,default,0,,,publish,830,portland-or-bootcamp-2,,default,0,0,closed,closed
2193,"Newark, NJ Bootcamp","<h4>Hosted By: Agency Manager: Joe Skelley</h4>
<a href=""https://agentportal.leazergroup.com/wp-content/uploads/2017/02/Newark-Courtyard.jpg""><img class=""alignnone size-medium wp-image-2272"" src=""https://agentportal.leazergroup.com/wp-content/uploads/2017/02/Newark-Courtyard-300x225.jpg"" alt="""" width=""300"" height=""225"" /></a>",,20170213,espresso_events,https://agentportal.leazergroup.com/events/newark-nj-bootcamp/,https://agentportal.leazergroup.com/wp-content/uploads/2017/02/Newark-Courtyard.jpg,Newark-Courtyard.jpg,/home/content/p3pnexwpnas05_data02/64/2908564/html/wp-content/uploads/2017/02/Newark-Courtyard.jpg,2272,"Newark Courtyard",,,,,,,,,,,,,"Boot Camp","Single Event","a:1:{s:10:""vc_grid_id"";a:0:{}}",default,default,0,,,publish,830,newark-nj-bootcamp,,default,0,0,closed,closed
2195,"Orlando, FL Bootcamp","<h4>Hosted By: National Agency Manager: Nick Horner</h4>
<a href=""https://agentportal.leazergroup.com/wp-content/uploads/2017/02/mcoar_main01_r.jpg""><img class=""alignnone size-medium wp-image-2322"" src=""https://agentportal.leazergroup.com/wp-content/uploads/2017/02/mcoar_main01_r-300x242.jpg"" alt="""" width=""300"" height=""242"" /></a>",,20170213,espresso_events,https://agentportal.leazergroup.com/events/orlando-fl-bootcamp-4/,https://agentportal.leazergroup.com/wp-content/uploads/2017/02/mcoar_main01_r.jpg,mcoar_main01_r.jpg,/home/content/p3pnexwpnas05_data02/64/2908564/html/wp-content/uploads/2017/02/mcoar_main01_r.jpg,2322,mcoar_main01_r,,,,,,,,,,,,,"Boot Camp","Single Event","a:1:{s:10:""vc_grid_id"";a:0:{}}",default,default,0,,,publish,830,orlando-fl-bootcamp-4,,default,0,0,closed,closed
2196,"Greenville, SC Bootcamp","<h4>Hosted By: Agency Manager: Bill South</h4>
<a href=""https://agentportal.leazergroup.com/wp-content/uploads/2017/02/exterior.jpg""><img class=""alignnone size-medium wp-image-2325"" src=""https://agentportal.leazergroup.com/wp-content/uploads/2017/02/exterior-300x225.jpg"" alt="""" width=""300"" height=""225"" /></a>",,20170213,espresso_events,https://agentportal.leazergroup.com/events/greenville-sc-bootcamp/,https://agentportal.leazergroup.com/wp-content/uploads/2017/02/exterior.jpg,exterior.jpg,/home/content/p3pnexwpnas05_data02/64/2908564/html/wp-content/uploads/2017/02/exterior.jpg,2325,exterior,,,,,,,,,,,,,"Boot Camp","Single Event","a:1:{s:10:""vc_grid_id"";a:0:{}}",default,default,0,,,publish,830,greenville-sc-bootcamp,,default,0,0,closed,closed
2197,"Omaha, NE Bootcamp","<h4>Hosted By: Agency Manager: Chris Scheib</h4>
<a href=""https://agentportal.leazergroup.com/wp-content/uploads/2017/02/La-Vista-NE.jpg""><img class=""alignnone size-medium wp-image-2298"" src=""https://agentportal.leazergroup.com/wp-content/uploads/2017/02/La-Vista-NE-300x235.jpg"" alt="""" width=""300"" height=""235"" /></a>",,20170213,espresso_events,https://agentportal.leazergroup.com/events/omaha-ne-bootcamp/,https://agentportal.leazergroup.com/wp-content/uploads/2017/02/La-Vista-NE.jpg,La-Vista-NE.jpg,/home/content/p3pnexwpnas05_data02/64/2908564/html/wp-content/uploads/2017/02/La-Vista-NE.jpg,2298,"La Vista, NE",,,,,,,,,,,,,"Boot Camp","Single Event","a:1:{s:10:""vc_grid_id"";a:0:{}}",default,default,0,,,publish,830,omaha-ne-bootcamp,,default,0,0,closed,closed
2198,"Harrisburg, PA Bootcamp","<h4>Hosted By: Agency Managers: Nelson Alvarez and Blaise Foret</h4>
<a href=""https://agentportal.leazergroup.com/wp-content/uploads/2017/02/harrisburg.jpg""><img class=""alignnone size-medium wp-image-2300"" src=""https://agentportal.leazergroup.com/wp-content/uploads/2017/02/harrisburg-300x223.jpg"" alt="""" width=""300"" height=""223"" /></a>",,20170213,espresso_events,https://agentportal.leazergroup.com/events/harrisburg-pa-bootcamp-2/,https://agentportal.leazergroup.com/wp-content/uploads/2017/02/harrisburg.jpg,harrisburg.jpg,/home/content/p3pnexwpnas05_data02/64/2908564/html/wp-content/uploads/2017/02/harrisburg.jpg,2300,harrisburg,,,,,,,,,,,,,"Boot Camp","Single Event","a:1:{s:10:""vc_grid_id"";a:0:{}}",default,default,0,,,publish,830,harrisburg-pa-bootcamp-2,,default,0,0,closed,closed
2199,"Kansas City, MO Bootcamp","<h4>Hosted By: National Agency Manager: Aaron Guetterman</h4>
<a href=""https://agentportal.leazergroup.com/wp-content/uploads/2016/10/Kansas-City-MO.jpg""><img class=""alignnone size-medium wp-image-1908"" src=""https://agentportal.leazergroup.com/wp-content/uploads/2016/10/Kansas-City-MO-300x255.jpg"" alt="""" width=""300"" height=""255"" /></a>",,20170213,espresso_events,https://agentportal.leazergroup.com/events/kansas-city-mo-bootcamp-4/,,,,,,,,,,,,,,,,,,"Boot Camp","Single Event","a:1:{s:10:""vc_grid_id"";a:0:{}}",default,default,0,,,publish,830,kansas-city-mo-bootcamp-4,,default,0,0,closed,closed
2200,"Bentonville, AR Bootcamp","<h4>Hosted By: Agency Manager: Chris Scheib</h4>
<a href=""https://agentportal.leazergroup.com/wp-content/uploads/2017/02/Fairfield-Inn-Header-Image1.jpg""><img class=""alignnone size-medium wp-image-2352"" src=""https://agentportal.leazergroup.com/wp-content/uploads/2017/02/Fairfield-Inn-Header-Image1-300x215.jpg"" alt="""" width=""300"" height=""215"" /></a>",,20170213,espresso_events,https://agentportal.leazergroup.com/events/bentonville-ar-bootcamp/,https://agentportal.leazergroup.com/wp-content/uploads/2017/02/Fairfield-Inn-Header-Image1.jpg,Fairfield-Inn-Header-Image1.jpg,/home/content/p3pnexwpnas05_data02/64/2908564/html/wp-content/uploads/2017/02/Fairfield-Inn-Header-Image1.jpg,2352,Fairfield-Inn-Header-Image1,,,,,,,,,,,,,"Boot Camp","Single Event","a:1:{s:10:""vc_grid_id"";a:0:{}}",default,default,0,,,publish,830,bentonville-ar-bootcamp,,default,0,0,closed,closed
2238,"Lafayette, LA Bootcamp","<h4>Hosted By: Agency Manager: Joe Skelley</h4>
<a href=""https://agentportal.leazergroup.com/wp-content/uploads/2017/02/image001-3.jpg""><img class=""alignnone size-medium wp-image-2268"" src=""https://agentportal.leazergroup.com/wp-content/uploads/2017/02/image001-3-300x205.jpg"" alt="""" width=""300"" height=""205"" /></a>",,20170217,espresso_events,https://agentportal.leazergroup.com/events/lafayette-la-bootcamp/,https://agentportal.leazergroup.com/wp-content/uploads/2017/02/image001-3.jpg,image001-3.jpg,/home/content/p3pnexwpnas05_data02/64/2908564/html/wp-content/uploads/2017/02/image001-3.jpg,2268,"image001 (3)",,,,,,,,,,,,,"Boot Camp","Single Event","a:1:{s:10:""vc_grid_id"";a:0:{}}",default,default,0,,,publish,830,lafayette-la-bootcamp,,default,0,0,closed,closed
2249,"Charleston, SC Bootcamp","<h4>Hosted By: Agency Leader: Chris Scheib</h4>
<a href=""https://agentportal.leazergroup.com/wp-content/uploads/2017/02/SummervilleSC.jpg""><img class=""alignnone size-medium wp-image-2261"" src=""https://agentportal.leazergroup.com/wp-content/uploads/2017/02/SummervilleSC-300x205.jpg"" alt="""" width=""300"" height=""205"" /></a>",,20170221,espresso_events,https://agentportal.leazergroup.com/events/charleston-sc-bootcamp/,https://agentportal.leazergroup.com/wp-content/uploads/2017/02/SummervilleSC.jpg,SummervilleSC.jpg,/home/content/p3pnexwpnas05_data02/64/2908564/html/wp-content/uploads/2017/02/SummervilleSC.jpg,2261,"Summerville,SC",,,,,,,,,,,,,"Boot Camp","Single Event","a:1:{s:10:""vc_grid_id"";a:0:{}}",default,default,0,,,publish,830,charleston-sc-bootcamp,,default,0,0,closed,closed
2250,"Regional Hartford, CT Bootcamp","<h4 style=""text-align: left;"">Hosted By: Founder &amp; CEO-Art Leazer, VP of Sales &amp; Marketing-Kimberly Narretto</h4>
<a href=""https://agentportal.leazergroup.com/wp-content/uploads/2017/02/Hartford.jpg""><img class=""alignnone size-medium wp-image-2256"" src=""https://agentportal.leazergroup.com/wp-content/uploads/2017/02/Hartford-300x249.jpg"" alt="""" width=""300"" height=""249"" /></a>",,20170221,espresso_events,https://agentportal.leazergroup.com/events/regional-worcester-ma-bootcamp/,https://agentportal.leazergroup.com/wp-content/uploads/2017/02/Hartford.jpg,Hartford.jpg,/home/content/p3pnexwpnas05_data02/64/2908564/html/wp-content/uploads/2017/02/Hartford.jpg,2256,Hartford,,,,,,,,,,,,,"Boot Camp","Single Event","a:1:{s:10:""vc_grid_id"";a:0:{}}",default,default,0,,,publish,830,regional-worcester-ma-bootcamp,,default,0,0,closed,closed
2302,"Detroit, MI Bootcamp","<h4 style=""text-align: left;"">Hosted By: Agency Manager-Lateef Duncan</h4>
<a href=""https://agentportal.leazergroup.com/wp-content/uploads/2017/03/Detroit-MI.jpg""><img class=""alignnone size-medium wp-image-2304"" src=""https://agentportal.leazergroup.com/wp-content/uploads/2017/03/Detroit-MI-300x241.jpg"" alt="""" width=""300"" height=""241"" /></a>

&nbsp;",,20170313,espresso_events,https://agentportal.leazergroup.com/events/detroit-mi-bootcamp-2/,https://agentportal.leazergroup.com/wp-content/uploads/2017/03/Detroit-MI.jpg,Detroit-MI.jpg,/home/content/p3pnexwpnas05_data02/64/2908564/html/wp-content/uploads/2017/03/Detroit-MI.jpg,2304,"Detroit, MI",,,,,,,,,,,,,"Boot Camp","Single Event","a:1:{s:10:""vc_grid_id"";a:0:{}}",default,default,0,,,publish,830,detroit-mi-bootcamp-2,,default,0,0,closed,closed
2310,"Des Moines, IA Bootcamp","<h4>Hosted By: Team Leader: Chris Scheib</h4>
$20 admission fee will be paid at the door.

<a href=""https://leazergroup.com/wp-content/uploads/2017/03/Des-Moines.jpg"" rel=""attachment wp-att-4926""><img class=""alignnone size-medium wp-image-4926"" src=""https://leazergroup.com/wp-content/uploads/2017/03/Des-Moines-300x231.jpg"" alt=""Des Moines"" width=""300"" height=""231"" /></a>

&nbsp;",,20170314,espresso_events,https://agentportal.leazergroup.com/events/des-moines-ia-bootcamp/,,,,,,,,,,,,,,,,,,"Boot Camp","Single Event","a:1:{s:10:""vc_grid_id"";a:0:{}}",default,default,0,,statesville-nc-bootcamp,publish,830,des-moines-ia-bootcamp,,default,0,0,closed,closed
2328,"Fayetteville, NC Bootcamp","<h4>Hosted By: National Agency Manager: Aaron Guetterman and Agency Manager: LaTasha McKoy</h4>
<h4><a href=""https://agentportal.leazergroup.com/wp-content/uploads/2017/03/faych_main01.jpg""><img class=""alignnone size-medium wp-image-2329"" src=""https://agentportal.leazergroup.com/wp-content/uploads/2017/03/faych_main01-300x223.jpg"" alt="""" width=""300"" height=""223"" /></a></h4>
&nbsp;",,20170317,espresso_events,https://agentportal.leazergroup.com/events/fayetteville-nc-bootcamp/,https://agentportal.leazergroup.com/wp-content/uploads/2017/03/faych_main01.jpg,faych_main01.jpg,/home/content/p3pnexwpnas05_data02/64/2908564/html/wp-content/uploads/2017/03/faych_main01.jpg,2329,faych_main01,,,,,,,,,,,,,"Boot Camp","Single Event","a:1:{s:10:""vc_grid_id"";a:0:{}}",default,default,0,,,publish,830,fayetteville-nc-bootcamp,,default,0,0,closed,closed
2360,"Greenbelt, MD Bootcamp","<h4 style=""text-align: left;"">Hosted By: Agency Manager-Lateef Duncan</h4>
<a href=""https://agentportal.leazergroup.com/wp-content/uploads/2017/03/bwifm_main01_r.jpg""><img class=""alignnone size-medium wp-image-2361"" src=""https://agentportal.leazergroup.com/wp-content/uploads/2017/03/bwifm_main01_r-300x219.jpg"" alt="""" width=""300"" height=""219"" /></a>",,20170324,espresso_events,https://agentportal.leazergroup.com/events/greenbelt-md-bootcamp/,https://agentportal.leazergroup.com/wp-content/uploads/2017/03/bwifm_main01_r.jpg,bwifm_main01_r.jpg,/home/content/p3pnexwpnas05_data02/64/2908564/html/wp-content/uploads/2017/03/bwifm_main01_r.jpg,2361,bwifm_main01_r,,,,,,,,,,,,,"Boot Camp","Single Event","a:1:{s:10:""vc_grid_id"";a:0:{}}",default,default,0,,,publish,830,greenbelt-md-bootcamp,,default,0,0,closed,closed
2373,"2017 Leadership Seminar ""Million Dollar Playbook to Building an Agency"" with Art Leazer",,,20170403,espresso_events,https://agentportal.leazergroup.com/events/2017-leadership-seminar-million-dollar-playbook-to-building-an-agency-with-art-leazer/,https://agentportal.leazergroup.com/wp-content/uploads/2017/04/MILLION-DOLLAR-PLAYBOOK.png,MILLION-DOLLAR-PLAYBOOK.png,/home/content/p3pnexwpnas05_data02/64/2908564/html/wp-content/uploads/2017/04/MILLION-DOLLAR-PLAYBOOK.png,2376,"MILLION DOLLAR PLAYBOOK",,,,,,,,,,,,,"Boot Camp","Single Event","a:1:{s:10:""vc_grid_id"";a:0:{}}",default,default,0,,,publish,830,2017-leadership-seminar-million-dollar-playbook-to-building-an-agency-with-art-leazer,,default,0,0,closed,closed
2418,"Sarasota, FL Bootcamp","<h4>Hosted By: Team Leader: Deena Kobrin</h4>
<a href=""https://agentportal.leazergroup.com/wp-content/uploads/2017/04/Sarasota.jpg""><img class=""alignnone size-medium wp-image-2421"" src=""https://agentportal.leazergroup.com/wp-content/uploads/2017/04/Sarasota-300x237.jpg"" alt="""" width=""300"" height=""237"" /></a>",,20170417,espresso_events,https://agentportal.leazergroup.com/events/sarasota-fl-bootcamp/,https://agentportal.leazergroup.com/wp-content/uploads/2017/04/Sarasota.jpg,Sarasota.jpg,/home/content/p3pnexwpnas05_data02/64/2908564/html/wp-content/uploads/2017/04/Sarasota.jpg,2421,Sarasota,,,,,,,,,,,,,"Boot Camp","Single Event","a:1:{s:10:""vc_grid_id"";a:0:{}}",default|default,default,0,,,publish,830,sarasota-fl-bootcamp,,default,0,0,closed,closed
2422,"Baltimore, MD Bootcamp","<h4>Hosted By: Agency Manager - Joe Skelley</h4>
<a href=""https://agentportal.leazergroup.com/wp-content/uploads/2017/03/bwifm_main01_r.jpg""><img class=""alignnone size-medium wp-image-2361"" src=""https://agentportal.leazergroup.com/wp-content/uploads/2017/03/bwifm_main01_r-300x219.jpg"" alt="""" width=""300"" height=""219"" /></a>",,20170417,espresso_events,https://agentportal.leazergroup.com/events/baltimore-md-bootcamp-5/,,,,,,,,,,,,,,,,,,"Boot Camp","Single Event","a:1:{s:10:""vc_grid_id"";a:0:{}}",default,default,0,,,publish,830,baltimore-md-bootcamp-5,,default,0,0,closed,closed
2423,"Harrisburg, PA Bootcamp","<h4>Hosted By: Agency Manager - Joe Skelley</h4>
<a href=""https://agentportal.leazergroup.com/wp-content/uploads/2017/04/harmt_main01_r.jpg""><img class=""alignnone size-medium wp-image-2426"" src=""https://agentportal.leazergroup.com/wp-content/uploads/2017/04/harmt_main01_r-300x221.jpg"" alt="""" width=""300"" height=""221"" /></a>",,20170417,espresso_events,https://agentportal.leazergroup.com/events/harrisburg-pa-bootcamp-3/,https://agentportal.leazergroup.com/wp-content/uploads/2017/04/harmt_main01_r.jpg,harmt_main01_r.jpg,/home/content/p3pnexwpnas05_data02/64/2908564/html/wp-content/uploads/2017/04/harmt_main01_r.jpg,2426,harmt_main01_r,,,,,,,,,,,,,"Boot Camp","Single Event","a:1:{s:10:""vc_grid_id"";a:0:{}}",default,default,0,,,publish,830,harrisburg-pa-bootcamp-3,,default,0,0,closed,closed
2460,"Williamsburg, VA Bootcamp","<h4><strong>Hosted By: National Agency Manager - Aaron Guetterman &amp; Agency Manager - Lateef Duncan</strong></h4>
<a href=""https://agentportal.leazergroup.com/wp-content/uploads/2017/04/69276885.jpg""><img class=""alignnone size-medium wp-image-2461"" src=""https://agentportal.leazergroup.com/wp-content/uploads/2017/04/69276885-300x237.jpg"" alt="""" width=""300"" height=""237"" /></a>",,20170427,espresso_events,https://agentportal.leazergroup.com/events/williamsburg-va-bootcamp/,https://agentportal.leazergroup.com/wp-content/uploads/2017/04/69276885.jpg,69276885.jpg,/home/content/p3pnexwpnas05_data02/64/2908564/html/wp-content/uploads/2017/04/69276885.jpg,2461,69276885,,,,,,,,,,,,,"Boot Camp","Single Event","a:1:{s:10:""vc_grid_id"";a:0:{}}",default,default,0,,,publish,830,williamsburg-va-bootcamp,,default,0,0,closed,closed
2484,"Houston, TX Bootcamp","<h4>Hosted By: Agency Manager - Bill South</h4>
<a href=""https://agentportal.leazergroup.com/wp-content/uploads/2016/11/Houston-TX.jpg""><img class=""alignnone size-medium wp-image-1938"" src=""https://agentportal.leazergroup.com/wp-content/uploads/2016/11/Houston-TX-300x263.jpg"" alt="""" width=""300"" height=""263"" /></a>",,20170511,espresso_events,https://agentportal.leazergroup.com/events/houston-tx-bootcamp-3/,,,,,,,,,,,,,,,,,,"Boot Camp","Single Event","a:1:{s:10:""vc_grid_id"";a:0:{}}",default,default,0,,,publish,830,houston-tx-bootcamp-3,,default,0,0,closed,closed
2508,"TLG Virtual Bootcamp","<strong>Join TLG Founder &amp; CEO, Art Leazer and VP of Sales &amp; Marketing, Kimberly Narretto for LIVE Boot Camp training that be will streamed live from TLG HQ!</strong><strong> Our Virtual Boot Camp is designed to help new &amp; existing agents become proficient at our proprietary selling system. We will teach you how to make dials, book quality set appts, our exclusive in-home presentation and so much more! </strong><strong>Registration is </strong><span style=""color: #ff0000;""><strong>MANDATORY</strong></span><strong> </strong><strong>and attendance is</strong><strong> </strong><span style=""color: #ff0000;""><strong>LIMITED</strong></span><strong>! Please see the link below for details!</strong>

<strong> </strong>

<strong>
After registering you will receive a confirmation email containing information about joining the training.</strong>

<strong> </strong>

<strong>Please register for Virtual Boot Camp on <span data-term=""goog_185166413"">Friday, June 9, 2017, 12:00 PM - 5:00 PM EDT</span> at: </strong><strong>

</strong><a href=""https://attendee.gototraining.com/r/7617574170416303617"" data-saferedirecturl=""https://www.google.com/url?hl=en&amp;q=https://attendee.gototraining.com/r/7617574170416303617&amp;source=gmail&amp;ust=1496322709461000&amp;usg=AFQjCNHhD37QSp8QEN4UVlJpznbnakzcYg"">https://attendee.gototraining.com/r/7617574170416303617</a>",,20170531,espresso_events,https://agentportal.leazergroup.com/events/tlg-virtual-bootcamp/,,,,,,,,,,,,,,,,,,"Boot Camp","Single Event","a:1:{s:10:""vc_grid_id"";a:0:{}}",default,default,0,,,publish,830,tlg-virtual-bootcamp,,default,0,0,closed,closed
2510,Training,"Hosted by Sam

&nbsp;

<a href=""https://agentportal.leazergroup.com/wp-content/uploads/2017/05/image001-8.jpg""><img class=""alignnone size-medium wp-image-2511"" src=""https://agentportal.leazergroup.com/wp-content/uploads/2017/05/image001-8-300x203.jpg"" alt="""" width=""300"" height=""203"" /></a>",,20170531,espresso_events,https://agentportal.leazergroup.com/events/training/,https://agentportal.leazergroup.com/wp-content/uploads/2017/05/image001-8.jpg,image001-8.jpg,/home/content/p3pnexwpnas05_data02/64/2908564/html/wp-content/uploads/2017/05/image001-8.jpg,2511,"image001 (8)",,,,,,,,,,,,,"Boot Camp","Single Event","a:1:{s:10:""vc_grid_id"";a:0:{}}",default,default,0,,,publish,830,training,,default,0,0,closed,closed
2515,"TLG 2017 Summer Leadership Conference",,,20170602,espresso_events,https://agentportal.leazergroup.com/events/tlg-2017-summer-leadership-conference/,,,,,,,,,,,,,,,,,,Conference,"Single Event","a:1:{s:10:""vc_grid_id"";a:0:{}}",default,default,0,,,publish,830,tlg-2017-summer-leadership-conference,,default,0,0,closed,closed
2538,"Manchester, New Hampshire - Boot Camp","Hosted By: Agency Manager - Lateef Duncan

<a href=""https://agentportal.leazergroup.com/wp-content/uploads/2017/06/HomewoodSuites_ManchesterNH-1.jpg""><img class=""alignnone size-full wp-image-2541"" src=""https://agentportal.leazergroup.com/wp-content/uploads/2017/06/HomewoodSuites_ManchesterNH-1.jpg"" alt="""" width=""268"" height=""255"" /></a>",,20170621,espresso_events,https://agentportal.leazergroup.com/events/manchester-new-hampshire-boot-camp/,https://agentportal.leazergroup.com/wp-content/uploads/2017/06/HomewoodSuites_ManchesterNH-1.jpg,HomewoodSuites_ManchesterNH-1.jpg,/home/content/p3pnexwpnas05_data02/64/2908564/html/wp-content/uploads/2017/06/HomewoodSuites_ManchesterNH-1.jpg,2541,HomewoodSuites_ManchesterNH,,,,,,,,,,,,,"Boot Camp","Single Event","a:1:{s:10:""vc_grid_id"";a:0:{}}",default,default,0,,,publish,839,manchester-new-hampshire-boot-camp,,default,0,0,closed,closed
2545,"Houston, TX Boot Camp","Hosted By: Aaron Guetterman - National Agency Manager

<a href=""https://agentportal.leazergroup.com/wp-content/uploads/2017/06/fairfield.jpg""><img class=""alignnone size-medium wp-image-2546"" src=""https://agentportal.leazergroup.com/wp-content/uploads/2017/06/fairfield-300x210.jpg"" alt="""" width=""300"" height=""210"" /></a>",,20170627,espresso_events,https://agentportal.leazergroup.com/events/houston-tx-boot-camp/,https://agentportal.leazergroup.com/wp-content/uploads/2017/06/fairfield.jpg,fairfield.jpg,/home/content/p3pnexwpnas05_data02/64/2908564/html/wp-content/uploads/2017/06/fairfield.jpg,2546,fairfield,,,,,,,,,,,,,"Boot Camp","Single Event","a:1:{s:10:""vc_grid_id"";a:0:{}}",default,default,0,,,publish,839,houston-tx-boot-camp,,default,0,0,closed,closed
2559,"Cincinnati, OH/Lawrenceburg,IN Boot Camp","Hosted By: National Agency Manager - Aaron Guetterman

<a href=""https://agentportal.leazergroup.com/wp-content/uploads/2017/07/unnamed.jpg""><img class=""alignnone size-medium wp-image-2560"" src=""https://agentportal.leazergroup.com/wp-content/uploads/2017/07/unnamed-300x215.jpg"" alt="""" width=""300"" height=""215"" /></a>",,20170705,espresso_events,https://agentportal.leazergroup.com/events/cincinnati-oh-boot-camp/,https://agentportal.leazergroup.com/wp-content/uploads/2017/07/unnamed.jpg,unnamed.jpg,/home/content/p3pnexwpnas05_data02/64/2908564/html/wp-content/uploads/2017/07/unnamed.jpg,2560,unnamed,,,,,,,,,,,,,"Boot Camp","Single Event","a:1:{s:10:""vc_grid_id"";a:0:{}}",default,default,0,,,publish,839,cincinnati-oh-boot-camp,,default,0,0,closed,closed
2578,"Seattle, WA Boot Camp","Hosted By: Vice President - Kimberly Narretto

<a href=""https://agentportal.leazergroup.com/wp-content/uploads/2016/08/Seattle-Airport-Marriott.jpg""><img class=""alignnone wp-image-1694"" src=""https://agentportal.leazergroup.com/wp-content/uploads/2016/08/Seattle-Airport-Marriott.jpg"" alt="""" width=""315"" height=""278"" /></a>",,20170725,espresso_events,https://agentportal.leazergroup.com/events/seattle-wa-boot-camp/,https://agentportal.leazergroup.com/wp-content/uploads/2016/08/Seattle-WA.jpg,Seattle-WA.jpg,/home/content/p3pnexwpnas05_data02/64/2908564/html/wp-content/uploads/2016/08/Seattle-WA.jpg,1693,"Seattle WA",,,,,,,,,,,,,"Boot Camp","Single Event","a:1:{s:10:""vc_grid_id"";a:0:{}}",default,default,0,,,publish,839,seattle-wa-boot-camp,,default,0,0,closed,closed
2582,"Manchester, NH Boot Camp","Hosted By: Agency Manager - Lateef Duncan

<a href=""https://agentportal.leazergroup.com/wp-content/uploads/2017/07/ManchesterCourtyard.jpg""><img class=""alignnone size-full wp-image-2583"" src=""https://agentportal.leazergroup.com/wp-content/uploads/2017/07/ManchesterCourtyard.jpg"" alt="""" width=""278"" height=""190"" /></a>",,20170727,espresso_events,https://agentportal.leazergroup.com/events/manchester-nh-boot-camp/,https://agentportal.leazergroup.com/wp-content/uploads/2017/06/manchesterNH.jpg|https://agentportal.leazergroup.com/wp-content/uploads/2017/07/ManchesterCourtyard.jpg,manchesterNH.jpg|ManchesterCourtyard.jpg,/home/content/p3pnexwpnas05_data02/64/2908564/html/wp-content/uploads/2017/06/manchesterNH.jpg|/home/content/p3pnexwpnas05_data02/64/2908564/html/wp-content/uploads/2017/07/ManchesterCourtyard.jpg,2536|2583,manchesterNH|ManchesterCourtyard,,,,,,,,,,,,,"Boot Camp","Single Event","a:1:{s:10:""vc_grid_id"";a:0:{}}",default,default,0,,,publish,839,manchester-nh-boot-camp,,default,0,0,closed,closed
2609,"Fort Myers, FL Boot Camp","Hosted By: National Agency Manager - Nick Horner

<a href=""https://agentportal.leazergroup.com/wp-content/uploads/2017/08/fairfield-ft-myers.jpg""><img class=""alignnone size-full wp-image-2610"" src=""https://agentportal.leazergroup.com/wp-content/uploads/2017/08/fairfield-ft-myers.jpg"" alt="""" width=""278"" height=""190"" /></a>",,20170822,espresso_events,https://agentportal.leazergroup.com/events/fort-myers-fl-boot-camp/,https://agentportal.leazergroup.com/wp-content/uploads/2017/08/fairfield-ft-myers.jpg,fairfield-ft-myers.jpg,/home/content/p3pnexwpnas05_data02/64/2908564/html/wp-content/uploads/2017/08/fairfield-ft-myers.jpg,2610,"fairfield ft myers",,,,,,,,,,,,,"Boot Camp","Single Event","a:1:{s:10:""vc_grid_id"";a:0:{}}",default,default,0,,,publish,839,fort-myers-fl-boot-camp,,default,0,0,closed,closed
2619,"Austin, TX Bootcamp","Hosted by: VP of Sales and Marketing, Kimberly Narretto

<a href=""https://agentportal.leazergroup.com/wp-content/uploads/2017/08/Wyndham-1.jpg""><img class=""alignnone size-medium wp-image-2621"" src=""https://agentportal.leazergroup.com/wp-content/uploads/2017/08/Wyndham-1-300x254.jpg"" alt="""" width=""300"" height=""254"" /></a>",,20170825,espresso_events,https://agentportal.leazergroup.com/events/austin-tx-bootcamp-2/,https://agentportal.leazergroup.com/wp-content/uploads/2017/08/Wyndham-1.jpg|https://agentportal.leazergroup.com/wp-content/uploads/2017/08/Wyndham.jpg,Wyndham-1.jpg|Wyndham.jpg,/home/content/p3pnexwpnas05_data02/64/2908564/html/wp-content/uploads/2017/08/Wyndham-1.jpg|/home/content/p3pnexwpnas05_data02/64/2908564/html/wp-content/uploads/2017/08/Wyndham.jpg,2621|2620,Wyndham,,,,,,,,,,,,,"Boot Camp","Single Event","a:1:{s:10:""vc_grid_id"";a:0:{}}",default,default,0,,,publish,839,austin-tx-bootcamp-2,,default,0,0,closed,closed
2643,"Winter Conference 2018",,,20170914,espresso_events,https://agentportal.leazergroup.com/events/winter-conference-2018/,,,,,,,,,,,,,,,,,,Conference,"Single Event","a:1:{s:10:""vc_grid_id"";a:0:{}}",default,default,0,,,publish,3,winter-conference-2018,,default,0,0,closed,closed
2676,"New Orleans, LA Boot Camp","<h4 style=""text-align: left;"">Hosted By: Founder &amp; CEO-Art Leazer, VP of Sales &amp; Marketing-Kimberly Narretto</h4>
<a href=""https://leazergroup.com/wp-content/uploads/2017/10/image.png"" rel=""attachment wp-att-5287""><img class=""alignnone wp-image-5287"" src=""https://leazergroup.com/wp-content/uploads/2017/10/image.png"" alt=""image"" width=""331"" height=""659"" /></a>",,20171005,espresso_events,https://agentportal.leazergroup.com/events/seattle-wa-boot-camp-2/,,,,,,,,,,,,,,,,,,"Boot Camp","Single Event","a:1:{s:10:""vc_grid_id"";a:0:{}}",default,default,0,,,publish,839,seattle-wa-boot-camp-2,,default,0,0,closed,closed
2681,"Dallas, Texas Boot Camp","<h4>Hosted By: Founder &amp; CEO-Art Leazer, VP of Sales &amp; Marketing- Kimberly Narretto</h4>
<a href=""https://leazergroup.com/wp-content/uploads/2017/07/image-1.png"" rel=""attachment wp-att-5292""><img class=""alignnone wp-image-5292"" src=""https://leazergroup.com/wp-content/uploads/2017/07/image-1-218x300.png"" alt=""image (1)"" width=""294"" height=""404"" /></a>",,20171009,espresso_events,https://agentportal.leazergroup.com/events/dallas-tx-bootcamp-3/,,,,,,,,,,,,,,,,,,"Boot Camp","Single Event","a:1:{s:10:""vc_grid_id"";a:0:{}}",default,default,0,,dallas-tx-bootcamp,publish,839,dallas-tx-bootcamp-3,,default,0,0,closed,closed
2712,"Seattle, WA Boot Camp","Hosted By: Vice President - Kimberly Narretto &amp; Agency Manager Nick Horner

<a href=""https://agentportal.leazergroup.com/wp-content/uploads/2016/08/Seattle-Airport-Marriott.jpg""><img class=""alignnone wp-image-1694"" src=""https://agentportal.leazergroup.com/wp-content/uploads/2016/08/Seattle-Airport-Marriott.jpg"" alt="""" width=""315"" height=""278"" /></a>",,20171020,espresso_events,https://agentportal.leazergroup.com/events/seattle-wa-boot-camp-3/,,,,,,,,,,,,,,,,,,"Boot Camp","Single Event","a:1:{s:10:""vc_grid_id"";a:0:{}}",default,default,0,,,publish,839,seattle-wa-boot-camp-3,,default,0,0,closed,closed
2726,"Hartford, CT Bootcamp","<h4 style=""text-align: left;"">Hosted By: Founder &amp; CEO-Art Leazer, Agency Manager - Aaron Guetterman</h4>
<a href=""https://agentportal.leazergroup.com/wp-content/uploads/2017/10/g.png""><img class=""alignnone wp-image-2733 size-medium"" src=""https://agentportal.leazergroup.com/wp-content/uploads/2017/10/g-300x294.png"" alt="""" width=""300"" height=""294"" /></a>",,20171023,espresso_events,https://agentportal.leazergroup.com/events/hartford-ct-bootcamp/,https://agentportal.leazergroup.com/wp-content/uploads/2017/10/g.png|https://agentportal.leazergroup.com/wp-content/uploads/2017/10/sh1.jpg|https://agentportal.leazergroup.com/wp-content/uploads/2017/10/sheratonhartford.jpg,g.png|sh1.jpg|sheratonhartford.jpg,/home/content/p3pnexwpnas05_data02/64/2908564/html/wp-content/uploads/2017/10/g.png|/home/content/p3pnexwpnas05_data02/64/2908564/html/wp-content/uploads/2017/10/sh1.jpg|/home/content/p3pnexwpnas05_data02/64/2908564/html/wp-content/uploads/2017/10/sheratonhartford.jpg,2733|2731|2730,g|sh1|sheratonhartford,,,,,,,,,,,,,"Boot Camp","Single Event","a:1:{s:10:""vc_grid_id"";a:0:{}}",default,default,0,,,publish,830,hartford-ct-bootcamp,,default,0,0,closed,closed
